relative_path	sha256
.DS_Store	24bc31effab62fb2303e229810d65401ef0418dd6b9fbfe20b56f9ce3fff175b
.gitignore	ac29a89e9bb1585b79a7914a47284b6223d818b690df29f58d4347ce5673d62f
404.html	93d07576fa6eeb126218107b3eda1a2d1c1f8c21a8b59b2f2d812e5f9fdd7df2
CNAME	4ac565a8389efca140c2e4eb4b7da44b2a327d191cc7537a01bf18b9bd80c060
CNAME.txt	84f06bda5a8c4abdc8c0e3b57df31e78831bb134924dce628561bdee8f877c42
DNS配置指南.md	393a9cfa0c227489fc6d837b05b44aee4d106949a8fab76a07da7d3984108065
README.md	a314da4702f44886da20eda84674cb974e390789da027bfce04113c5eb88971b
_config.yml	258bb987c969b17a4519091052fe19485124f4cb6008e407c4a6adbd0a238a13
about.html	3ab1afef65dea798701c485137780dfde2867e73fa791e5f16734ed32bc05712
backup_legacy/about.html	0941b516445448c9ae170a4e8d1b5f10dafe8e3c052bdd74121a5cd097373c8b
backup_legacy/contact.html	60aa5b510be59fce94e7ee7344d5b5582412dc186e5274c4c0ba1220d9562475
backup_legacy/index.html	bb6458bd13087a8042c1639c2abdbc5bd98b059047e40249a1cd92371b427c89
backup_legacy/reports.html	5815beaf01f9ebe805be8258e2b62de4c6d6b4eb6263971621b61e6ab757be86
backup_legacy/style.css	2f5dbb52229caab1d7afcc1952a4eeb2a481e32ca33946a3d0ff2dfc71505362
configure-domain.sh	37bcc3e831c31975384126512e5f086534fd80a600c71b9a6945fff04ee7169b
contact.html	7f8f1e1a86d05b036fbd08611d8263c34a08014de85c73ce1211136a21011b5c
docs/EDITORIAL_CONTROL_STANDARD.md	435cee3a6b18b264f7996a6e56d918798645613b4a017fc9a20c73cb5a6c81e0
docs/china-human-rights-cases-supplement-2026-07-02.csv	ac168e19dd04aa43e7d217051ce85dfc23cc3ac05ea5e349033647296ba13036
docs/china-human-rights-cases-supplement-2026-07-02.md	170c5a3ae1c20854ca78392a0f793a6c825dac92b9da8b04e34ae0d0f9b02ced
hero-bg.png	7641e8ecdf40008edb0f6ded3ff00e5d32dde3ac8abee1cd64f29373846d1304
images/protests/2023-12-16/photo-001.jpg	50a423793d15ed8dfa31b9c4ba21ad7f28e9840637be6f89e152b636cd0e4332
images/protests/2023-12-16/photo-002.jpg	dc947fbf823c106ca57bde64a97cb27e51b65015b7521939874095786c12bda8
images/protests/2023-12-16/photo-003.jpg	dc947fbf823c106ca57bde64a97cb27e51b65015b7521939874095786c12bda8
images/protests/2023-12-16/photo-004.jpg	0c03ea4125b50ca28f6214e45cf85fe8b870d046c4380d4a008403fa74cea8ea
images/protests/2023-12-16/photo-005.jpg	7b3f5eea7e01ffa66029757e5ddbe5a47afe4e9bca6a742b5f4b5e3263f967b4
images/protests/2023-12-16/photo-006.jpg	d3037abbbd6e5cf1ab6a64119d429a38c36e4e177a4747cf883d26d3085ca7c0
images/protests/2023-12-16/photo-007.jpg	0de1008a0dc4d776cbd0bfa6f850bf8068edc15d24bdcd04a68c2aa2cb334b7f
images/protests/2023-12-16/photo-008.jpg	df60dd562fbdca446c6b19e06c4ab6ce95d7336e5825c62404ba45f1e9d8df13
images/protests/2023-12-16/photo-009.jpg	8341d1b61f15cf5d47ca4e2e8caaa34624d44606126508d89d82d287f1470c6f
images/protests/2023-12-16/photo-010.jpg	8a2d460a8664084defdd76db41268fc3be7970700fcc61400af2301788f07e75
images/protests/2023-12-16/photo-011.jpg	597935816fca7d4229ad1267b165cba8eca50756775ca05df6b3f65a132f96ee
images/protests/2023-12-16/photo-012.jpg	1d44972cd9a036246033e3fe7009f67b7d259b08a93d9d218b49c436a7b55b5f
images/protests/2023-12-16/photo-013.jpg	7a929a30eb494f2feb8f51ea6064d811e5c92d9312e89ba0faeb502f5f45c970
images/protests/2023-12-16/photo-014.jpg	85ab35bc7cab910a026da1ce14b1f9cb391405902d29268a971f5eaf49dad401
images/protests/2023-12-16/photo-015.jpg	5921a5978410d3518f7d7b387923058cf73c60d83a8ca9c725ba7fcdd8f72207
images/protests/2023-12-16/photo-016.jpg	adb0e1e47e2c325c2fe6018846c42ca4462f4b1adcefc7c23ed4949037d45204
images/protests/2023-12-16/photo-017.jpg	64cc1c652dc19f5fc4b6f2dff7114d8cd543ce6321882e640c57e87622017ebd
images/protests/2023-12-16/photo-018.jpg	e2cc6d8b17e67cd839166aadc1596a9b50ebc68b2d86d29515dfbc251700eb94
images/protests/2023-12-16/photo-019.jpg	948a3aa24719e1300b885b283944f47969c513496b2fcf8e50bc316caf2843e9
images/protests/2023-12-16/photo-020.jpg	724f63c1c798e2c9f22869aa3022751a2c6c913a01abc1a60c419340feee0e39
images/protests/2023-12-16/photo-021.jpg	d7e9ed40c30478e53535a04710caca3b9d2da3570a7cd86bebbad7b3508aeba9
images/protests/2023-12-16/photo-022.jpg	a3a1b54fbf28af8bc2d1df8af765ad624116115c98aefc44d50781e8b7253cc0
images/protests/2023-12-16/photo-023.jpg	80c16d8b7324e9de9f7f68bde64e7e19ee38fa41c49f5b0be7a7131a5a24a145
images/protests/2023-12-16/photo-024.jpg	f48fdbc33118e8aeb3c4c0840a7a5df3827ba2b3ce4dfe3f1578ea9f39abf816
images/protests/2023-12-16/photo-025.jpg	b29357d7034110a57dfc57c7cdc0ca7204aa22d5a84c4d006a556a1853d6be47
images/protests/2023-12-16/photo-026.jpg	daaf16b0c9d6382fac365c303921d29a3c21c0554d0ff15bc8118f01d7277aeb
images/protests/2023-12-16/photo-027.jpg	44310446941f52b96dbef18421dd8c33669d420a1cfa1fce3f6eae2e2e43800a
images/protests/2023-12-16/photo-028.jpg	80c16d8b7324e9de9f7f68bde64e7e19ee38fa41c49f5b0be7a7131a5a24a145
images/protests/2023-12-16/photo-029.jpg	f48fdbc33118e8aeb3c4c0840a7a5df3827ba2b3ce4dfe3f1578ea9f39abf816
images/protests/2023-12-16/photo-030.jpg	e2cc6d8b17e67cd839166aadc1596a9b50ebc68b2d86d29515dfbc251700eb94
images/protests/2023-12-16/photo-031.jpg	d7e9ed40c30478e53535a04710caca3b9d2da3570a7cd86bebbad7b3508aeba9
images/protests/2023-12-16/photo-032.jpg	948a3aa24719e1300b885b283944f47969c513496b2fcf8e50bc316caf2843e9
images/protests/2023-12-16/photo-033.jpg	724f63c1c798e2c9f22869aa3022751a2c6c913a01abc1a60c419340feee0e39
images/protests/2023-12-16/photo-034.jpg	64cc1c652dc19f5fc4b6f2dff7114d8cd543ce6321882e640c57e87622017ebd
images/protests/2023-12-16/photo-035.jpg	6028b5e0689b529cc4aa9437ec52adbe4b2dc99dc95f4547fa414c972efbbcff
images/protests/2023-12-16/photo-036.jpg	229d5d8e775b46082baefb47fc73ff487ffcd5ace9139085dee4e02646cbe17f
images/protests/2023-12-16/photo-037.jpg	17c8abffc09386669adfc5d19b31671b3aeaddf611fd952feeff4973fe12801b
images/protests/2023-12-16/photo-038.jpg	b37fb9ce6034132188f8c97e25b7a20f4396570a4440dc05ab8159902bde4799
images/protests/2023-12-16/photo-039.jpg	b6cafe7eae3c11f30290efe5df5bc98bf35faa8805466abb4266f421b291620b
images/protests/2023-12-16/photo-040.jpg	03c4cc689fa2be532946915cb3d2578b3ce5e41d6f12431f992728eeac48f421
images/protests/2023-12-16/photo-041.jpg	b6cafe7eae3c11f30290efe5df5bc98bf35faa8805466abb4266f421b291620b
images/protests/2023-12-30/photo-001.jpg	710b41d3479b3bebe1daed46a64374ebcabc1da568fce7b0df35b9a141d16de8
images/protests/2023-12-30/photo-002.jpg	9ad9e846cab478d95ae3b12e8dae0ba85210d9b853aa8d7f09df8d40362878d0
images/protests/2023-12-30/photo-003.jpg	03bf54a7a4148a708fe325a4a6c4531b718ebbc157f6694f588dfebf4c39e64e
images/protests/2023-12-30/photo-004.jpg	80c2d9c4da92b64468ade867264708ee74fe812a444919ec862bb0e34754db34
images/protests/2023-12-30/photo-005.jpg	721815e028a1f6edfbb4972b3cefe378849ee661e54eb5360cdc1b14a7c33549
images/protests/2023-12-30/photo-006.jpg	aff85cc5ae1345c5c99c8cdc7d13b6702b56765782fd417c5cd9d1e6bd7936b4
images/protests/2023-12-30/photo-007.jpg	7f0ebccd758cc2e136e15afd58f874880d7dfe6ddcfa456e7ca0ab90a9cc13eb
images/protests/2023-12-30/photo-008.jpg	908ee653fe1b32ec0e2f7f32a41846a4b4c924fd6eb93bbddd5d3bb9159888b2
images/protests/2023-12-30/photo-009.jpg	5b77346c43d3ec9fbd18d522e964936d1b67808d6e8e1120a260b11118b8e8a2
images/protests/2023-12-30/photo-010.jpg	29b161ab4bd33df1286238a3c09c548ff58eacc5b06a756490bf6dba92a14e43
images/protests/2023-12-30/photo-011.jpg	d9fd648594e10c1d2023b898b961cc2e01de9edcd90b52c5fd305a0fb84ceafe
images/protests/2023-12-30/photo-012.jpg	77e231a99ee96bace05e6cada0a6f59cc1c986fecfe0b282d1b8c6731be9de18
images/protests/2024-04-27/photo-001.jpg	006a7682d11422eead1650c7ce31892fb47066261dc7da434c7418ba740f9b89
images/protests/2024-04-27/photo-002.jpg	006a7682d11422eead1650c7ce31892fb47066261dc7da434c7418ba740f9b89
images/protests/2024-04-27/photo-003.jpg	c47e1be8037376fb07122d831fcabc07ceb119959cbff7230ebd3a53d24fb283
images/protests/2024-04-27/photo-004.jpg	f1af4445e37d6cfbccd1571d5aaf465a2a0433306663f954007fc643b0d56905
images/protests/2024-04-27/photo-005.jpg	96b628771efa26771beb08092ea1b7ab4a04de14c83909a25adc0d6d0d1f41f1
images/protests/2024-04-27/photo-006.jpg	8d4554376e75ae7de945a2854b6328ff94609e0d901bff816e12148f25934015
images/protests/2024-04-27/photo-007.jpg	8d4554376e75ae7de945a2854b6328ff94609e0d901bff816e12148f25934015
images/protests/2024-04-27/photo-008.jpg	4ab607418fa1d65dc913cd98b54d9b4af65b4db41bb264557ad8395439f162d7
images/protests/2024-04-27/photo-009.jpg	f363e840e74c9d43fbd764c80a583c2d8c98d492a16dd77606cb243b651c1c98
images/protests/2024-04-27/photo-010.jpg	52446c71e08d2771fb18024c240411d74e9e8f1833ef73a142238763590baac6
images/protests/2024-04-27/photo-011.jpg	ad30a47f2ce0305ffa09dce23bc237f9362e85b5ad70da54097593bf27acf457
images/protests/2024-04-27/photo-012.jpg	3dda8ef6df0dbce10bcd77c74bcb97397ac41c149ddd92a1cf0d0c4ce29411ca
images/protests/2024-04-27/photo-013.jpg	f753c30a00eded317139de9de85199c40fefd45319bc2d37a5028a9d27006006
images/protests/2024-04-27/photo-014.jpg	1a0619af45e5f2045226509cd721d51704cc63ff52a0fd7d3eee96aa5c288bc9
images/protests/2024-04-27/photo-015.jpg	f3c6812cba157fc84dec338a9f7809d5683e9435f70f6dbe7e361a0cdace72fd
images/protests/2024-04-27/photo-016.jpg	e62eeba22b7420c9b52d667558026d9ca08e71e429294eb3b21d0ecc7dd5f52e
images/protests/2024-04-27/photo-017.jpg	e9b6f7c471c1ea1bc1b2bea94113aa4c3a04b488d29accb0117ae6f40d2c365e
images/protests/2024-04-27/photo-018.jpg	0e89535479e84a4051342b28021217951929dee48c3fd88bae137e8919059387
images/protests/2024-05-16/photo-001.jpg	40f50c5b625c62e59f0c0e82f9f3cf14bc535277252449d768defc5a41fffafe
images/protests/2024-05-16/photo-002.jpg	6f4e4bf0046e98736dae3b21568a04cd4e8d64b66e8187189b00ef4d47ce897a
images/protests/2024-05-16/photo-003.jpg	0e89535479e84a4051342b28021217951929dee48c3fd88bae137e8919059387
images/protests/2024-05-16/photo-004.jpg	e9b6f7c471c1ea1bc1b2bea94113aa4c3a04b488d29accb0117ae6f40d2c365e
images/protests/2024-05-16/photo-005.jpg	dd988248128d54d46949e790e630e41824bf3467d89779e658bcb99a364ac24c
images/protests/2024-05-16/photo-006.jpg	2e434310d6489357c9f34debfbcd58201e125dfaac0a993fa05c6da944ab3406
images/protests/2024-05-16/photo-007.jpg	e4d76ae558f04a3b41a408b85bbabde75a3b7b27735923dd6f8389421228e00d
images/protests/2024-05-16/photo-008.jpg	8a0b31196af524318a2cdd42acf8e074a97049a233e9676ee5c3c4215a863f77
images/protests/2024-05-16/photo-009.jpg	6aa90cc6bd8157cd1e537b100b8f253476e27bdb8d2470c76c5ade25ceaa20f1
images/protests/2024-05-16/photo-010.jpg	72098eba3c3aed7246163c02cc6adc40a06aa52990b1517ed0225e6c75d675ba
images/protests/2024-05-16/photo-011.jpg	8a3143466b2430e3d27d61f0ddd2e15125eb4f90db35180d862f69405c45bc3b
images/protests/2024-05-16/photo-012.jpg	3e7ee68982dea95a249d681a14d1851d0edf1921b00b6ca2d0291627f71dd901
images/protests/2024-05-16/photo-013.jpg	339ee09198e31136dac2fb471ac2f8a73aa06edf11e8873f443594274b3a8a21
images/protests/2024-05-16/photo-014.jpg	16086f4aec206d7f341c31be56b302b7da1cd489a73d935b590b81199bc7bda6
images/protests/2024-05-16/photo-015.jpg	cb26603638b61d14bae3e521b30ce222be6c59abaa1bcaea5d92b82fac883f28
images/protests/2024-05-16/photo-016.jpg	97703bcceb948cab9d49a93d939307a020a31473b7db9f135182675bcf8fd031
images/protests/2024-06-04/photo-001.jpg	89328d7a43205007ffa0513925d306abea44a0d0970cc18061c0e31299809c12
images/protests/2024-06-04/photo-002.jpg	006f2c1dd49a11b6999a6e416ab25e773e9a0da394ab76a15f125463e13c9df4
images/protests/2024-06-04/photo-003.jpg	590341c08dd7d7eb713207f6503c51b5db7726c52a0bffa12f6cbc597b11f3ef
images/protests/2024-06-04/photo-004.jpg	09d8542f40b430c48f7550b6a8ffe6134053b577f2e86ba6c86891a46069e758
images/protests/2024-06-04/photo-005.jpg	5aa625d4cf281913cdee8a10a269d0e1f6cb61e2a15ce0e10387dcc5a6cf4356
images/protests/2024-06-04/photo-006.jpg	19ab88602968bf3de5c90a3a42282292656be91fb90a43df403bc03a0040d4ba
images/protests/2024-06-04/photo-007.jpg	49896c48918ac93382714bb27bd5b07c4da17154b8e8b26fadca278ff762707b
images/protests/2024-06-04/photo-008.jpg	3f8a7b797b3232758ac3775fd3b9ba61c794a31e698b457dd16eb972cf86d5bc
images/protests/2024-06-04/photo-009.jpg	31ad70dd12ef689ef069c313bf78c1ea85e9d5346b654c2815576cfe449597ef
images/protests/2024-06-04/photo-010.jpg	8eb363e22bf63f9611575465ef30892476ef0de469e666b70368d55360c65aa0
images/protests/2024-06-04/photo-011.jpg	e03129105eb80ef86fa3d3df319a4825ccd802e21a1dc4de31418e47f5a9ff5c
images/protests/2024-06-04/photo-012.jpg	2ce9bceac6478044c804e9d861081e1546ec812ced21805dc428aff9802e055f
images/protests/2024-06-04/photo-013.jpg	c58c12faebbf3d721209927aa6199be55c566b7219afde23eb6b107207807b3b
images/protests/2024-06-04/photo-014.jpg	3abaa89de8a33ce4d0b31de0aaf833b196f6cac7b348e7c37e2c44fa08bc6502
images/protests/2024-06-04/photo-015.jpg	f4e96e71ffadfdce9c461e478128539d89f224a548f73813a27fea8e6b97a3ca
images/protests/2024-06-04/photo-016.jpg	3cdaa9f1ea82db8c0bcad9cc5f45e663bf142b7ee949e9f8a9dfdb0361d12df1
images/protests/2024-06-04/photo-017.jpg	717edbabf0e375e9661feb4aa832ca5843747dc1f8bb410ab006d3e1f61d4797
images/protests/2024-06-04/photo-018.jpg	1d40814e346856406705b72a0fbc5d17f37bcf524a66c73ba5a516f3b8b1c2cf
images/protests/2024-06-04/photo-019.jpg	d82af171de269adf88693b749ec5490e5f7a15535d7da1c7f240435b77847571
images/protests/2024-06-04/photo-020.jpg	b882913ef9b35b19d523f73050b02c1b827231df4dbb859e097f70975280f5a8
images/protests/2024-06-04/photo-021.jpg	a911fac47dfb6eea2c1ace217b54cd18816c18627a1c9defc37fc7ac63e48bb7
images/protests/2024-06-04/photo-022.jpg	8fc2a619e6985dc426ffaaf482a587cebb8c0fa1c6297d49eb083e484176b880
images/protests/2024-06-04/photo-023.jpg	62f0439807d674a0162ae1ba61f666272153f3e7579dd218691db4779b29bb4c
images/protests/2024-06-04/photo-024.jpg	86d9bbd4337519da523005be63234528baee7592f41d532f50745ead43e70618
images/protests/2024-06-04/photo-025.jpg	68ca56704d11fde29ab7e5550e84876fb3d1e1845774ad1ef110b7edb0db4cbe
images/protests/2024-06-04/photo-026.jpg	dca596d62978a30c60dd4683aa9076d1b81fa3f2878b5850a1a69c53afff27f7
images/protests/2024-06-04/photo-027.jpg	fb4f60a3a50e1eb23be103e90900c6fe55e2f544940009971ca37efd1e778766
images/protests/2024-06-04/photo-028.jpg	08a1ec08e0d4ba5e99cac341add1adaab5dfb5d14fd4487457a7d616aa572d60
images/protests/2024-06-04/photo-029.jpg	08a1ec08e0d4ba5e99cac341add1adaab5dfb5d14fd4487457a7d616aa572d60
images/protests/2024-06-04/photo-030.jpg	6cf3e3e393f3cbc7a2ac5123cae26c97c22157ea8ff2e97e560f94feddd20c78
images/protests/2024-06-04/photo-031.jpg	45645521c27f86d1f7d3e9593856878c05d39ab9006d893bd1c998a21a497302
images/protests/2024-06-04/photo-032.jpg	40594dc3d912203dc5c09e31a36554d0d6a8803eef826529f8fe199f60a68ea2
images/protests/2024-06-04/photo-033.jpg	711b6cf61d9fa4e8f52d3614487144274f1f7263b18b38602054f49abd9bbde4
images/protests/2024-06-04/photo-034.jpg	937bf9f99c7cc64083965de0b25aca53d70a148a3d93b54f3bd4cff4eb1d007d
images/protests/2024-06-04/photo-035.jpg	5d381dc596e6f527285b840441e9da79b2a4eba9cd4e6a8ca0d4bd6a7d05b97b
images/protests/2024-06-04/photo-036.jpg	28088efd28c21b986d1f9f35013013de9dc3d190b8521ffed0f2552378741271
images/protests/2024-06-04/photo-037.jpg	db97275dc2f592bc3ca9780ce1b7e51646ad4aecb5facb02c4c1e618e8518183
images/protests/2024-06-04/photo-038.jpg	5626a6037a7f3a0cc7af3a628e0cbc4556600f59e80c22f289740643ca21e6c5
images/protests/2024-06-04/photo-039.jpg	49c2fd0d1f9f3b0f99824862163c564ff1625365aee9484b4095a785be651fb9
images/protests/2024-06-04/photo-040.jpg	3b1483d2eefcbed94d010db8797c1ca8983f0cd27c34dbde3d25addf0d9d02a5
images/protests/2024-06-04/photo-041.jpg	3b1483d2eefcbed94d010db8797c1ca8983f0cd27c34dbde3d25addf0d9d02a5
images/protests/2024-06-04/photo-042.jpg	82d2446740fd996e5175a2b7e4c29574c11eee687490304d03723107c1b504d6
images/protests/2024-06-04/photo-043.jpg	60bfdaba2ce2eec38c99af4d4834d6a3e8f965671b6a6bf2ec3d1261eeda88f5
images/protests/2024-06-04/photo-044.jpg	5b7bfa54ddbcec228c12b176ecc4a00eff1aae0dfc91bb45c2b3edaea7872066
images/protests/2024-06-04/photo-045.jpg	af689a7226daf83ae5f46b5756873cefb11664e294718d27a931fa85f1c1894e
images/protests/2024-06-04/photo-046.jpg	4b44c228ab4e73512617bdd6c61698f330d964d7a1c496aa79a0540dfb637643
images/protests/2024-06-04/photo-047.jpg	6e3c54c993becc57a89a482f3bcaebe74953e9a9295a2b997cc99de76eb60c82
images/protests/2024-06-04/photo-048.jpg	9e4938296ef4555729d4150d1da7421bccc21e33f61632751b19d4f0d4c28ec1
images/protests/2025-05-31/photo-001.jpg	0f5bcb9ba819abde302c9c277d1cbe10e305f4de0ab271686cf5c049553b8c1c
images/protests/2025-05-31/photo-002.jpg	04efcec68ef5f7408660a842d5f270a2baa443547898ed49807992ef7232d66a
images/protests/2025-05-31/photo-003.jpg	717ec31a534869a2fc6b4f960c17f04809854d29bdd10af5082567e53eb35eb0
images/protests/2025-05-31/photo-004.jpg	1aa779012ee1e6f1bb39021b35bf4847612e3cc84b5e2abb464a4e46f3b50cfd
images/protests/2025-05-31/photo-005.jpg	b0088db033edc0d6f7b3cb38f261e8fe74fde6e119618ba7e2cb784e3c12fc35
images/protests/2025-05-31/photo-006.jpg	a71b6b7ecdd097a1decf5c1df3682def2b39cdf5e58bf53a4b0f914449e3926e
images/protests/2025-05-31/photo-007.jpg	2c368fb9f38057599ce0eb09cb9078ef022f1cff03720f5e22f8b07f493a45db
images/protests/2025-05-31/photo-008.jpg	c73b2b5af50259ca57f0eeee2291bea365a61f7536d1b27e7a7f3573aaf353b3
images/protests/2025-05-31/photo-009.jpg	83573f5723909f763cb245939075b6c848197e097af095ff1b4425d7b5174e83
images/protests/2025-05-31/photo-010.jpg	c616ae83c3f56ee846e8fcabb65c876bdefcec41f103ef3160e75a4783f5a2f9
images/protests/2025-05-31/photo-011.jpg	9adae305f7ff6cae08cf16c382b9f8571c1022a2128ac49dc01342c40131d85c
images/protests/2025-05-31/photo-012.jpg	5cea9a8f821c20f55a1513fbab9edfe9da70469d85a626dacd87b4e1b6915aac
images/protests/2025-05-31/photo-013.jpg	eddeeb235eea9b7342f8e38c502f5762f1db7bd615ab0cc3aee8664d83e878f7
images/protests/2025-05-31/photo-014.jpg	e264427af3299b03cb5d40087719e16b50346888842ab3ec9b9a910ea17b53f0
images/protests/2025-05-31/photo-015.jpg	db0c30e382e6522538efe6775a5217144c85594f32e976018336cfee01fc3fd5
images/protests/2025-05-31/photo-016.jpg	7a4d5d8b4131cc0eb72f8a856a8cba31fac88588dbacfdd5171de61432523025
images/protests/2025-05-31/photo-017.jpg	44e9e65048f6755b0c88d235b5ee6bc6b62dd9bf62d18d5c2191af2f808ee1bb
images/protests/2025-05-31/photo-018.jpg	4aa1d7f2499f97419ef86dad4a2fc379ef4442861f005ce774cac6fd44b467c0
images/protests/2025-05-31/photo-019.jpg	936fbfef2817897cfdc0a2ca8757b8baa305718aa8da11ace9c36e3413713deb
images/protests/2025-05-31/photo-020.jpg	969cfd52257e70c56cbf7f5675846c886c4f97e4a675eb120f33692ddc071dde
images/protests/2025-05-31/photo-021.jpg	8943a107d8dd456ff690f9a274d6932eeeec1145601a5d2eafaaec21e28b6559
images/protests/2025-05-31/photo-022.jpg	949ff2c274973f69421e751992502f9a0a928507c824b7566df341dd1b7bff22
images/protests/2025-05-31/photo-023.jpg	22ea64fafe43c1b8542d5ac64dcb4c4cd7c0a9adc699a5e9675d55b9d21681d2
images/protests/2025-05-31/photo-024.jpg	3df5c202a29e386635f220a343276d81f61ffe36b7ffaeeb3834d492cb774d78
images/protests/2025-05-31/photo-025.jpg	2b6ff3ee826ba0f1793eff676c577413c2eeb78ee65e1f6e64e63ee29655d657
images/protests/2025-05-31/photo-026.jpg	4ab57c0ead7892639b1b33a8c948fc52dde1a7c2ab75958efe88356419d57323
images/protests/2025-05-31/photo-027.jpg	00fb7195bd802a9d19f7b560011ab592eaf13e4015c39269093943ee0b4aa120
images/protests/2025-05-31/photo-028.jpg	c116065ae41428ccdf66fb8955665a58360f83f169210e704f4f7e528c2824f9
images/protests/2025-05-31/photo-029.jpg	a8d9bb132f4b75e3489592fbdb57a3032148c744e62f04f697dbf381135b9521
images/protests/2025-05-31/photo-030.jpg	fbcf6807f17bbbe4488dc8955d9aba6f6149f03112d80e12e79948f63f40be2a
images/protests/2025-05-31/photo-031.jpg	05548a0594754e0dd8e3440b5381af34ac3adbd586b4ed4bd89287be4ac0451c
images/protests/2025-05-31/photo-032.jpg	c8f5f282e243b10813cf650080f7daf4c91fdb8725b8de98d433affad6a859cb
images/protests/2025-05-31/photo-033.jpg	e53cd21a8ef75629f7787cfb1b841af2536e7a6a0ca82c52f06a6939fa23a6c1
images/protests/2025-05-31/photo-034.jpg	1c3dc58873cd42018f3777df93dd1dea7c74fc3641488123bf4303a386b97b73
images/protests/2025-05-31/photo-035.jpg	3792d2852cb2fd17f5e45f4815697dd3cef4274c85e20053498459b9dea309a3
images/protests/2025-05-31/photo-036.jpg	9c446c9020a60551ff3b59945ffbf57e232175e2ee470f977200c0596a9784d7
images/protests/2025-05-31/photo-037.jpg	8c3319b13e2bfcbc11a7da2e7e3655a887b009bfdc8ba3222e689e8bebad1d6b
images/protests/2025-05-31/photo-038.jpg	595c9adb0996d283fc0d1b47d2fb0dc0bf0cb7261ea122ac642b47dd0f50819d
images/protests/2025-05-31/photo-039.jpg	337e21e53121376dcb90079b6cf6df59406f8f448eeeafa100f43479ab43f2ea
images/protests/2025-05-31/photo-040.jpg	53f0d2ca5f43e6fbcad181c59788439946cbea384aad8356567fded5f04d146b
images/protests/2025-05-31/photo-041.jpg	4e085b1ff84d6c26ff5b354e6f8daf0577130964a857e39d5eefd3b717fe6059
images/protests/2025-05-31/photo-042.jpg	4a05ea8dcb03eeb2f29ba138b003748fd3c0f40721c723faaa99883629907795
images/protests/2025-05-31/photo-043.jpg	581aae74352106ec9983747b25f3e604ce9ae6be5be95d431fc583cc9e38a915
images/protests/2025-05-31/photo-044.jpg	07200ac25554617c00cf0bb36eab8d88e27301c172a58ba6fc5481e4c496fa88
images/protests/2025-05-31/photo-045.jpg	c231038d4fc1a31fdf63c3631c30d904b4f550a10ef1f4dc6e9ab6a813225884
images/protests/2025-05-31/photo-046.jpg	01c43f636b23f9c174bb4217e4b9be4b9d2023ef3112a49a4d713da22aa581a1
images/protests/2025-05-31/photo-047.jpg	8683e79293971b47ccce437031260d935d2be5eed1fb73640d2516548c2d42b7
images/protests/2025-05-31/photo-048.jpg	fe62ce44ade41c9766fef0e4e0395c63dad679e9738380e95e0a3bc57a2a0a66
images/protests/2025-05-31/photo-049.jpg	6ec1071e2383ec2c274d61984ab0feca733cee6958b0ea3943cc50bdcff558f1
images/protests/2025-05-31/photo-050.jpg	e91dc7c4a52a0eda476cf0bd9f8bd914673858256ad445d928e75556a36604dd
images/protests/2025-05-31/photo-051.jpg	f260ae16572b25fa07db00dd3375acf3b7b8c7d43485ebffcd228df865d5cca7
images/protests/2025-05-31/photo-052.jpg	df3e5d39550fa16e66fe75471517019e0cd455ab49890bacf88d1405a4080da7
images/protests/2025-05-31/photo-053.jpg	08affe7f302760ef47a37b2f097fc44ef125f7aa1e0e972b3eafe27bac5faab4
images/protests/2025-05-31/photo-054.jpg	d888f89e7c3818427d5c9b7662dfa64e8f5525312fc473e4efea9a66816ca03e
images/protests/2025-05-31/photo-055.jpg	6e94ffc938468a6f941d0419703ac14281e50645070ec46581483670faacb2d2
images/protests/2025-05-31/photo-056.jpg	0c87879454f0a188ae95a940a8089d3433b68b7f1e87aecbfca2b2ed9260e04f
images/protests/2025-05-31/photo-057.jpg	b63970d98bcf684565626aacaf598f546d24e5cfdc73896309738e991d401af9
images/protests/2025-05-31/photo-058.jpg	3895d8cc06dcd62a7e7c66f2d7b98eead709ee9c7ee070c6310a1501c470ef06
images/protests/2025-05-31/photo-059.jpg	ed82b08d9ffae3b0e18518cfc7af9db1fdd98d9a33c21756b741fd4e668ea634
images/protests/2025-05-31/photo-060.jpg	b6915c8415c8a1cf2879dc01c5b0d308279375f0897becb923e2edf5544fd2c5
images/protests/2025-05-31/photo-061.jpg	8b9672fa69463f806e4f4864d2a2c551a56ef69d397229eb4728db1cfc4b86fd
images/protests/2025-05-31/photo-062.jpg	e70af73a369a290c8ab961f7de14aa74649e3d801ec65dc1da2c5c48922b717f
images/protests/2025-05-31/photo-063.jpg	4bfcd934a3b11b62706357c52eee3c5c3525b52b8fd822c317cca8d2ea690c37
images/protests/2025-05-31/photo-064.jpg	91fd3f077514dbdbd9ad2238c1f7e187e6b56846c1df8b862098b79c512afcb6
images/protests/2025-05-31/photo-065.jpg	6c029251c6be3ccf5648c040b371559658eebe0c699fc7427580e184e88787e0
images/protests/2025-05-31/photo-066.jpg	c8f01367b0da8fba1a555d501e2c2ab897df204659e1d0b5e31aee6e36784ba2
images/protests/2025-05-31/photo-067.jpg	76d9f1a7251da49013fcaec01a89b8832cc5efdd011765638336fee57eff49e2
images/protests/2025-05-31/photo-068.jpg	57b24cd388a7f1b150b1adb1ea92914ee0b65834328eaec057c0b1f61f7c83af
images/protests/2025-05-31/photo-069.jpg	5102e081c5c96a34ead5334b804402b4760c28eaa7bbf793cddf3cd397dafb68
images/protests/2025-05-31/photo-070.jpg	1dd1637365b4238a8c717d4da4a38bb6de8d9946d608e51b2d49a06cc74c4a12
images/protests/2025-05-31/photo-071.jpg	77ab1751ea0ae500d76d0278d3c0dfa60ad7752ff00f4a5767e9b9207ef79c9a
images/protests/2025-05-31/photo-072.jpg	d7d0550bbfae9c876fe9aabfce6b24631f0bf38639595fce3bb5c634a633dd76
images/protests/2025-05-31/photo-073.jpg	ec0ef6d761608653ab0272626f2ccc5d190349b7a7266e9babbe31ec17d83420
images/protests/2025-05-31/photo-074.jpg	18d0c9c60c0a96766dbc2645ee278e36d5578b11e357d87c0d063a294a71a18e
images/protests/2025-05-31/photo-075.jpg	f0b9afdcc9b3adb264634341dfe55c8e7ffc7ae0f25b50ba7a67a3bc80f1804f
images/protests/2025-05-31/photo-076.jpg	a80b31037ddcad2fd1eef63b1d147159cbef02cc7f1624b41b95f08fbce85a9c
images/protests/2025-06-03/photo-001.jpg	b46b70b5c79236db3ca8be37b053c709e858169286e8441759864fa7dccdd7c5
images/protests/2025-06-03/photo-002.jpg	8074128190634d30101c5563c4ebdc141b39b4dd31e4aa1fab3816010195c48a
images/protests/2025-06-03/photo-003.jpg	f70f00f1a0764db0a5b90d80b86236edbceb8ad6c69cdc565bf645b1fb696d7c
images/protests/2025-06-03/photo-004.jpg	862c56ce4906a147d9eaa39b36031c5f3b68e729f282e101e71462106ca7d084
images/protests/2025-06-03/photo-005.jpg	6e9002095733bd0877e6abf7e0d2a42cf3d9b8c90fc12d8b0d6c61514546031f
images/protests/2025-06-03/photo-006.jpg	072d76bccf3a4105133be23858cc8760b5d96adc09a2a733fbe82833e7e2363d
images/protests/2025-06-03/photo-007.jpg	314e4904b6a0567bfb672b3f0436b7323b4d3184a2ff89292e0a9559eca53ec2
images/protests/2025-06-03/photo-008.jpg	5b48e4d23180a488bfe709c305d3cbac7ec4ac7b2364499701e62c6d547a0ca7
images/protests/2025-06-03/photo-009.jpg	5a08f478275e3d26f7138299dd1da97269aab9b190f73eba89edb34400343766
images/protests/2025-06-03/photo-010.jpg	ee2dd74b8347406fff3ed56e89f00ee6959de6e296b699d8c17470014e66e150
images/protests/2025-06-03/photo-011.jpg	1347acb59183f418a0e2eb906068913a2453a17abf9d4c8cb84e1e234ae54330
images/protests/2025-06-03/photo-012.jpg	1347acb59183f418a0e2eb906068913a2453a17abf9d4c8cb84e1e234ae54330
images/protests/2025-06-03/photo-013.jpg	1347acb59183f418a0e2eb906068913a2453a17abf9d4c8cb84e1e234ae54330
images/protests/2025-06-03/photo-014.jpg	923821c549e2b4c5488dbcca2d1671e5b51caf8431e66e90bac05943596da0e1
images/protests/2025-06-03/photo-015.jpg	923821c549e2b4c5488dbcca2d1671e5b51caf8431e66e90bac05943596da0e1
images/protests/2025-06-03/photo-016.jpg	a1c6b9cf11bd90bd0d5571952072526ebb487c4f30cd93d431d014242d0d94f7
images/protests/2025-06-03/photo-017.jpg	a1c6b9cf11bd90bd0d5571952072526ebb487c4f30cd93d431d014242d0d94f7
images/protests/2025-06-03/photo-018.jpg	493d83ad9b63a61af784fa63aa1c90d93eb1c393df8af57211be7b0fddadc1f5
images/protests/2025-06-03/photo-019.jpg	493d83ad9b63a61af784fa63aa1c90d93eb1c393df8af57211be7b0fddadc1f5
images/protests/2025-06-03/photo-020.jpg	0be9640aa9162f95b87f8f4a7546c80661debc1d76961fb4ec6cb6235cbff320
images/protests/2025-06-03/photo-021.jpg	0be9640aa9162f95b87f8f4a7546c80661debc1d76961fb4ec6cb6235cbff320
images/protests/2025-06-03/photo-022.jpg	504c81798faadca3ce4df4be6d0988846a08d389680344a9ac2be508623215b8
images/protests/2025-06-03/photo-023.jpg	1012d47b2aa58df20cdc21533f869c1b17631daaed96d99fb4bf0c55f07e3a76
images/protests/2025-06-03/photo-024.jpg	36d485128c4492265afd0562c4180c9b5ba22e4077d9d40d4ced0945bf9fa6ba
images/protests/2025-06-03/photo-025.jpg	36d485128c4492265afd0562c4180c9b5ba22e4077d9d40d4ced0945bf9fa6ba
images/protests/2025-06-03/photo-026.jpg	ff25d8c4a04f60113e88067426711cf4d6d021fb8bca03c9acd709362ecc21ce
images/protests/2025-06-03/photo-027.jpg	02f5bb9c86cb22a1e6a3ac6757d5fe2690a33c5ed271bb62650358894b0f2ad0
images/protests/2025-06-03/photo-028.jpg	428e4c0e17315438a851b9b535ec1c9840760c2d671fa8f9c7a770c70781dd5b
images/protests/2025-06-03/photo-029.jpg	d222043b08024d037d43fbee72141465e2b1f55091095d0de36ff5d67d2b5e20
images/protests/2025-06-03/photo-030.jpg	b97325f3d9fc5c9f95e8750de284a7dfadc0e89387a84b22a6b10204a2d56ba1
images/protests/2025-06-03/photo-031.jpg	9cf05726ee90a893a0c60984431e4b800d5081c8d3261789fff00e0674b23521
images/protests/2025-06-03/photo-032.jpg	b310690ebd3e3abde23d846e31ff17b8788aae687cfb526df4e69124b05dc623
images/protests/2025-06-03/photo-033.jpg	a9d0746431738c1df5da8798f5df3ea8abc467ea542ae72a07b101d69bec7a18
images/protests/2025-06-03/photo-034.jpg	826fda3dd03876bf98e53aa69c29509cc79a911f39d28f96f017a7b9af71442a
images/protests/2025-06-03/photo-035.jpg	c97075db8cf7b3af2f2580eed9e37b6064c9a027b732e6e8f2c43b0c84e3d4fe
images/protests/2025-06-03/photo-036.jpg	b8ffc30c6c4a545e53b3e1a8ac164bec65fe6314e57519396b10f5a1308aba34
images/protests/2025-06-03/photo-037.jpg	0c38f1d2131ad37c843b5d843fef5af5af96aa0c523faa924c1448ee63b8bdbb
images/protests/2025-06-03/photo-038.jpg	048085c7da497f63b6046233feddc156e0cf262da8d1307bc492d5b661ea22f4
images/protests/2025-06-03/photo-039.jpg	4a5445acf641e7228884f1c73dac9bc7e834d4b052e81ac736bb6cbbab175f6a
images/protests/2025-06-03/photo-040.jpg	9dfd46d1c0543d245557f18a9a2921e025d4f874517c411d9d8fd85e9c1e51a1
images/protests/2025-06-03/photo-041.jpg	7ef169697acf041af61b80052db711aa6ccce55e13246f9a493b52c5156e8524
images/protests/2025-09-03/photo-001.jpg	0ffc727df0be9786bea7b6afcc32bf4a357731c0f5de0f58ecb856b14ef6cfdf
images/protests/2025-09-03/photo-002.jpg	d5822eac9bfc4d215b520b4fdfc60844389b0db2f4d4d4cb21f741d4478c786e
index.html	95dcacf8fe2e072e642a75db67c4abb6d43a885a305031970c61e33729d86098
language.js	4660e5305c81774ff29f492c7f8a39676e322ceb67ea6efa98f93e21168bdebc
logo.png	3053594920f5b11af96dcee867e253571a1c1d5d076120b4d4c3f04dfcdcba84
posts/2024-report.html	1647521114894056f9345f3ebe6cc1af8445aee4affa3c1a20b864885330d388
posts/2026-report.html	074df0b22f1c4177f5e7d38127337977e0983c87f1d577af509fbc1a3a1e47ef
posts/709-crackdown.html	bad6502777c8801ca425865214830a7b62957bea64df6765c87817dfc8ccb0ce
posts/ai-weiwei.html	91d6ff3e62c10f316b6022352d46a0410645031f527ccd1c0022e64ca0d39fbd
posts/causeway-bay-books.html	862b7eff247e19888c1a50f0888d000e3da6a659afc07be9b960c3dc732167ca
posts/chen-guangcheng.html	3429d8fba7c69962dcfef2e60f7d2602c71ef31a29b84d2e34c733300da46c18
posts/chen-qiushi.html	771e9c03804782686ce89eef95131b1f8d3ee557c99e1f19cd9d55676e37ae04
posts/china-dissent-monitor-2025.html	4b88b9d3ef70e1f8808991976989c028d7d12918c1fcf4d1d51c4f6451075f48
posts/china-human-rights-cases-supplement-2026.html	f8171dc6759e5b242f8aab2bca69444e89d42a5f152f4956abf0e25d44f23069
posts/cultural-revolution.html	5b861bd999f692500e8ef0c9284abe35b19a55a81afa17fec8aac867b44f7f94
posts/dong-yaoqiong-ink-protest.html	7765e8311f5d2ea1cbce3f72edf4c4124e3969f44211f84898590e97ee252567
posts/falun-gong-persecution.html	0f0e21513574ac22583a8ee8e4cfff8286bc20b73fc19a87c8a5a51e0395cf2f
posts/fang-bin-citizen-journalist.html	7160f8a4ee43f05d240293211c2e553ac9a607c7f4d1b359dd993f33f9cbd059
posts/feng-county-chained-woman.html	ac3df1b50df5fdf51726796ded0c8c649b54317574195fb30dd536a790f73936
posts/gao-yu.html	11c08d3d2f0bf943b151b96309a41892f1b3d213d16e40c9ccae71943d845caf
posts/great-leap-famine.html	f669ec4dea169b89cdff586d5fab71a9bfe4fcb60289d431c3789abba4b41cd0
posts/guangzhou-haizhu-lockdown-protests.html	face8155829077be9eee2a4ea13c988c676ed1122c91c2992b4ab46555380643
posts/guiyang-quarantine-bus-crash.html	a5f5d9f56c30a38db92e1b9bcd188502292812a56aef818afecea89905756570
posts/henan-bank-depositor-protests.html	49de4f878fb58f446841a034f5854d9d74e2eec579109a696e93b5e834b99757
posts/hk-12.html	c3e1974a329c6574495e193a99b0854a45dab602c5f1c1a7bbb50ab9864bb84e
posts/hk-47.html	0c616aed0fe597d0b7bf0f9e066fb583a4b9defadc5c71f2d0ebe71e39a55986
posts/hong-kong-update-2026.html	d82dbf5ddc933ba01b1896a2409932a83cbe73ec442ad1edf4d72490d2494aaa
posts/huang-qi.html	b295c7dafd5470d69a39f0788855a7b6e2b353ba7883c1fedc4cbeecc5b4b35b
posts/huang-xueqin-wang-jianbing.html	039baf9840d69e7f86bf16bba6b9450f2e7da7eb9d2e7d7541049179b95a8ebb
posts/jiang-tianyong.html	d25a60485cbdcb2ad818cf02e5943e1dd82794884b58d9f97d27815580b7c180
posts/jiangyou-school-bullying-protests.html	2b2257cb065e01ef6054c65f17c094898f08efe59c6534e4d02ccfd7669dcd00
posts/land-reform-anti-rightist.html	7cc5c6728148b79cc9daa991b8b02273d648d632441836ebd94958d6b83a7131
posts/li-wenliang.html	8976d1f6e6c61562ded8beed505abd6383fb82143672d37369c09a465ce3dc9b
posts/li-zehua.html	ccca45070268e484698df059cfb127febaf6f39338941ba33b32d619097460bf
posts/liu-xia.html	ac33f516ac7bad24c973253d688dcb0f5ecb6284517e145b627218810672916b
posts/liu-xiaobo.html	63fede8f54f5523bade0ceb845caa83328a61efc4e986bd16f1c179f2b0d3692
posts/ningbo-xiaoluoxi-medical-case.html	741cb78cdaf7abe2f07a7ca45c47996d9186470b88af5379a89d8391f4da01c1
posts/niu-tengyu.html	29f14826ed8da015aeff2f386754149f665a021d3f0c9f836e329ce2a05ab76b
posts/peng-zaizhou.html	2a8fe9472232bc572983bcf1ba4fd92f9960e27f485d56c17f7f6738bd980098
posts/press-freedom-2026.html	a165efa55d122adfa397ce9fbab26a3ffd40c1462b5ad5ddda591beb0bea36dd
posts/pucheng-student-death-protest.html	a5c8cfd873038c482b522f97c599a75442cc8b863539e94fcc673b724dd1423a
posts/shanghai-lockdown.html	135376a6fa58be714e6976cd63af0e176ab1ca3b529bd0af7bfb080f3fbad48b
posts/template.html	bade0505f7319891b99fdf77598504f835d8c42c240aba879c604228c550b18d
posts/terminus2049-chen-mei-cai-wei.html	dea06b4294a3e6bb02e44cb66bf2e806633cbc0ef36e40da1eeaf26dacc580d6
posts/tiananmen-1989.html	393d4c6fe5d7333f34b70c32803d7b24a8f205595a231441fef730428e71dd40
posts/transnational-repression-2026.html	70b5963dc6917228d145b8b2381a522f8a6a57ebb3ecf786de883701634e7bf0
posts/transnational-repression.html	785a8efbfae59067f08f1f9df4811c352ce08d7344ed5023ab3f748f52319b46
posts/wang-bingzhang.html	c82907ce8326c37abd115c8937b595f5173b726efa34491dd2f896b680159ffc
posts/wang-quanzhang.html	6469a1f548d3b1d06f521e7541c70caff9838a1701e5fd38b904279adf69fd79
posts/white-paper.html	1c1f3a8797ddea4bce98800108c22d81cffd46eae51cea65b53b054fdb5da9fd
posts/wuhan-pensioner-protests.html	e5b9d194e0a67cf4f599cac1bfb32e920cfd024e061e49fd5f5cfc17ab345b02
posts/xinjiang-camps.html	90026a1ca394978e521506bfa70d8d965c5243b6e0cdff5fd7054269761ec235
posts/xinjiang-tibet-forced-labour-2026.html	536b25ae04118a3d6e6ae2bc1dfa377ec32c75978e9b30a66d331a84b4cd93bc
posts/zhang-zhan.html	067bf5855d6285be2cb427de7c452999e96275c91d7314c3d582c28f84f8120a
posts/zhengzhou-foxconn-worker-protests.html	fae20c2af9b299f5342d5d011f718abd035a544f690d9105a5eeb2a95783104e
privacy.html	2a6c4baa1b1d2912032e6a50f24c421ca454be1f61e15cf3a6741bbb34b2bae4
protests.html	a5a03582d99c4a63a73f5d035fd0db8f9608be92d286361a779281a19fb6a7c8
protests.js	073dfe7850f3eb145c37268fcbef939372c8d2319e22ba3c821d01ef1d7251a7
reports.html	927c299587b58ee049115a67527df61da06ca85cb4fbe4ddc334d94d01a5c07d
robots.txt	4df89f69eeeca7f989a6bea2ccca42694091f1da120a5d40cddb999f00c1a10d
sitemap.xml	9eed2505738ed5cdde7926a4961280d88c838f8b17d1484e510e9fa4718b29c0
sources.html	f271ebccc08c7d1df53b00d4190fe59ea93c4cf9ebed7a89b4b317371852ce13
style.css	1779684900e05281cd5dd56b61e7df42fb99e69d171180918d738085225a7715
terms.html	9aeef4120027b408d032023b472199fd19732ca4dcd1c9aebcae40c23d4dd771
tools/.translation-cache.json	d78f79fa8dca2d9b6f556cd3554ae1b6782b30a09e5740fd49914bb044867e5f
tools/audit_source_dates.py	a9f005eff1b6901b63cbaa81606e65e0f52845978beb885fd68c7009dbcb0c09
tools/data/public-pages-semantic-review.tsv	48d155eccb4c12dd6b8409440a318c7e7f46a1269749ba1d5ef3c79b8ce03854
tools/languages.py	c8b342de06df36994c2eed58f32854baa938bf5ed779695408b17a10512b2b54
tools/sync_languages.py	ca24af70b072ebe6e774651c89ecc6495eb88c14cc02dd960d370c4f25723da1
