record_type	slug	language_or_field	target_id	preimage_value	post_final1_value	preimage_value_sha256	post_final1_value_sha256	preimage_file	preimage_file_sha256	post_final1_file_sha256	snapshot_manifest_sha256	verification
article-meta	cultural-revolution	en	article-meta	Updated :1966—1976 · 2026-07-14	Updated: 1966—1976 · 2026-07-14	70b9d555a968f63c826003bce0f04111315dd6fd0c9bf97752dfc42929b93ce3	e0cb3d5cad06c5429275e2ba8cfe4879e7095b0c9d50602e15a8e7f770b7d40b	posts/cultural-revolution.html	96c09654d468c066ce9647698607101b645d45957dcddba09b6b27a7673867a0	2421ed4df70d89f71300129b0709916422254483f7744d6adb36fb8d6e9d7fd3	ba3a32398f7bbe97c7b2fb49aa91cbc055e9e391de91e697ad7ff858fae3866f	VERIFIED_PREIMAGE_WITHOUT_LEDGER_PREDECESSOR
article-meta	cultural-revolution	ko	article-meta	업데이트 :1966—1976 · 2026-07-14	업데이트: 1966—1976 · 2026-07-14	46fc7b52b57dd7bd733230fd9dcb5640de9b5952f81c4439853be44eaa9a2888	bf6644b3ed9ca20f39d2a4b3e6e578611eea890f23486dffb734de1044e63451	posts/cultural-revolution.html	96c09654d468c066ce9647698607101b645d45957dcddba09b6b27a7673867a0	2421ed4df70d89f71300129b0709916422254483f7744d6adb36fb8d6e9d7fd3	ba3a32398f7bbe97c7b2fb49aa91cbc055e9e391de91e697ad7ff858fae3866f	VERIFIED_PREIMAGE_WITHOUT_LEDGER_PREDECESSOR
article-meta	cultural-revolution	es	article-meta	Actualizado :1966—1976 · 2026-07-14	Actualizado: 1966—1976 · 2026-07-14	1e235f9b3f26fc9383e70dee2e203850f3f6775f0c007008bd07b3adc2813e58	5e1d424448ee20e266505128d78475232eb7fc9d9eda0d378b9e739b589c2e88	posts/cultural-revolution.html	96c09654d468c066ce9647698607101b645d45957dcddba09b6b27a7673867a0	2421ed4df70d89f71300129b0709916422254483f7744d6adb36fb8d6e9d7fd3	ba3a32398f7bbe97c7b2fb49aa91cbc055e9e391de91e697ad7ff858fae3866f	VERIFIED_PREIMAGE_WITHOUT_LEDGER_PREDECESSOR
article-meta	cultural-revolution	de	article-meta	Aktualisiert :1966—1976 · 2026-07-14	Aktualisiert: 1966—1976 · 2026-07-14	76eccbb39db8ca91db47dc6442fa2686dfdce26f4bbe7fa4ecf37fddc9a1039e	eb8ae9359060a7ea938558c0f637377a672384c74bd11523dd8c01cd77013ab5	posts/cultural-revolution.html	96c09654d468c066ce9647698607101b645d45957dcddba09b6b27a7673867a0	2421ed4df70d89f71300129b0709916422254483f7744d6adb36fb8d6e9d7fd3	ba3a32398f7bbe97c7b2fb49aa91cbc055e9e391de91e697ad7ff858fae3866f	VERIFIED_PREIMAGE_WITHOUT_LEDGER_PREDECESSOR
article-meta	cultural-revolution	fr	article-meta	Mis à jour  :1966—1976 · 2026-07-14	Mis à jour : 1966—1976 · 2026-07-14	5f720e4ad7233178ae533ddb1b89f7aff294b298b5a4128480b01cef736369e0	0a7b622c6ffc99ccf4cd1aeca88685c8a8efb89d09574793df73e30e2350519f	posts/cultural-revolution.html	96c09654d468c066ce9647698607101b645d45957dcddba09b6b27a7673867a0	2421ed4df70d89f71300129b0709916422254483f7744d6adb36fb8d6e9d7fd3	ba3a32398f7bbe97c7b2fb49aa91cbc055e9e391de91e697ad7ff858fae3866f	VERIFIED_PREIMAGE_WITHOUT_LEDGER_PREDECESSOR
article-meta	cultural-revolution	no	article-meta	Oppdatert :1966—1976 · 2026-07-14	Oppdatert: 1966—1976 · 2026-07-14	250fb809cb424c11c341905f31e680d461e567ab596e38b671e629830043e4ca	147a57484b17cad6cd40c1a32cb489aa788e2ab9944ecbc89f11fe02f855e4c1	posts/cultural-revolution.html	96c09654d468c066ce9647698607101b645d45957dcddba09b6b27a7673867a0	2421ed4df70d89f71300129b0709916422254483f7744d6adb36fb8d6e9d7fd3	ba3a32398f7bbe97c7b2fb49aa91cbc055e9e391de91e697ad7ff858fae3866f	VERIFIED_PREIMAGE_WITHOUT_LEDGER_PREDECESSOR
article-meta	cultural-revolution	nl	article-meta	Bijgewerkt :1966—1976 · 2026-07-14	Bijgewerkt: 1966—1976 · 2026-07-14	c9c068b341357ec1212781750c8dc73248451b19828b441c61a17cc98052417d	a8fd981c834f63c5d5b11529d4ceba7d519e8f333131aa8649dd1e89276333e5	posts/cultural-revolution.html	96c09654d468c066ce9647698607101b645d45957dcddba09b6b27a7673867a0	2421ed4df70d89f71300129b0709916422254483f7744d6adb36fb8d6e9d7fd3	ba3a32398f7bbe97c7b2fb49aa91cbc055e9e391de91e697ad7ff858fae3866f	VERIFIED_PREIMAGE_WITHOUT_LEDGER_PREDECESSOR
article-meta	cultural-revolution	it	article-meta	Aggiornato :1966—1976 · 2026-07-14	Aggiornato: 1966—1976 · 2026-07-14	c9b6bffd349f20fe597975d783dba9348f7cfdf4a55031ead13a0e673ac78ad8	eadd0dab0f1a6109576c8e6d72ab3a449238665de0fb32e2884b6620f24c83e1	posts/cultural-revolution.html	96c09654d468c066ce9647698607101b645d45957dcddba09b6b27a7673867a0	2421ed4df70d89f71300129b0709916422254483f7744d6adb36fb8d6e9d7fd3	ba3a32398f7bbe97c7b2fb49aa91cbc055e9e391de91e697ad7ff858fae3866f	VERIFIED_PREIMAGE_WITHOUT_LEDGER_PREDECESSOR
article-meta	great-leap-famine	zh	article-meta	資料更新：1958—1961 · 2026-07-14	資料更新：1958—1962 · 2026-07-14	1d39f79bce6870906df20d070adae5a2e9a472c971cd85e149b8051867c6a84d	93cdfdb94d2d61e649a2b9308aba2ee0b825968eeb0d109d0beb802cd93929b0	posts/great-leap-famine.html	8498e9c5f8c1a8d14f974af3b5023034a7f4940724d4ad3586056d658a776259	27da09ad2c1fc65894cc3e39f87a22088a7b990cb4d8cd0c3dbb40185028784b	ba3a32398f7bbe97c7b2fb49aa91cbc055e9e391de91e697ad7ff858fae3866f	VERIFIED_PREIMAGE_WITHOUT_LEDGER_PREDECESSOR
article-meta	great-leap-famine	en	article-meta	Updated :1958—1961 · 2026-07-14	Updated: 1958—1962 · 2026-07-14	2de8348862b5aee81157c8db8133d9ccf1bf8c1cba38cb66d0219232865aaa08	4ff632bb5f26800ca360af10ea0e39708c67dfabc3a596396e73bc1882041c70	posts/great-leap-famine.html	8498e9c5f8c1a8d14f974af3b5023034a7f4940724d4ad3586056d658a776259	27da09ad2c1fc65894cc3e39f87a22088a7b990cb4d8cd0c3dbb40185028784b	ba3a32398f7bbe97c7b2fb49aa91cbc055e9e391de91e697ad7ff858fae3866f	VERIFIED_PREIMAGE_WITHOUT_LEDGER_PREDECESSOR
article-meta	great-leap-famine	ja	article-meta	更新：1958—1961 · 2026-07-14	更新：1958—1962 · 2026-07-14	0a3a819f67409dc6b1c502ec778437b4c8a8e8cc449c99a18344aac82a011954	41e64ad45e6fa104ae87855626315a79252d3ae08ed64cc5d96d7359824ecadd	posts/great-leap-famine.html	8498e9c5f8c1a8d14f974af3b5023034a7f4940724d4ad3586056d658a776259	27da09ad2c1fc65894cc3e39f87a22088a7b990cb4d8cd0c3dbb40185028784b	ba3a32398f7bbe97c7b2fb49aa91cbc055e9e391de91e697ad7ff858fae3866f	VERIFIED_PREIMAGE_WITHOUT_LEDGER_PREDECESSOR
article-meta	great-leap-famine	ko	article-meta	업데이트 :1958—1961 · 2026-07-14	업데이트: 1958—1962 · 2026-07-14	d50aac92b8b0f1124ca04123bf785eb2b45c0afd0f4bcdf595eddc27ba04fc2f	0f4a8903450937c651d0c7b781bf8c8e1e43e6aa7e3dedc207c208a0f9a733e7	posts/great-leap-famine.html	8498e9c5f8c1a8d14f974af3b5023034a7f4940724d4ad3586056d658a776259	27da09ad2c1fc65894cc3e39f87a22088a7b990cb4d8cd0c3dbb40185028784b	ba3a32398f7bbe97c7b2fb49aa91cbc055e9e391de91e697ad7ff858fae3866f	VERIFIED_PREIMAGE_WITHOUT_LEDGER_PREDECESSOR
article-meta	great-leap-famine	es	article-meta	Actualizado :1958—1961 · 2026-07-14	Actualizado: 1958—1962 · 2026-07-14	8e88ccca45b99fad69818a3d1eebc7c68d0211e76924e8721493073f5030381a	53cb594388549537274a54c540cbbbea2e2b1e3e70ad7513336f694fbf82104a	posts/great-leap-famine.html	8498e9c5f8c1a8d14f974af3b5023034a7f4940724d4ad3586056d658a776259	27da09ad2c1fc65894cc3e39f87a22088a7b990cb4d8cd0c3dbb40185028784b	ba3a32398f7bbe97c7b2fb49aa91cbc055e9e391de91e697ad7ff858fae3866f	VERIFIED_PREIMAGE_WITHOUT_LEDGER_PREDECESSOR
article-meta	great-leap-famine	de	article-meta	Aktualisiert :1958—1961 · 2026-07-14	Aktualisiert: 1958—1962 · 2026-07-14	a95d88eec9502e20189f542245c349270d4ae32c20f15d76351bdae1ecc45ffa	0b55e66abdfc9b9489c0c514188fb8805fc5e69f1a56d543acdfbdb836884839	posts/great-leap-famine.html	8498e9c5f8c1a8d14f974af3b5023034a7f4940724d4ad3586056d658a776259	27da09ad2c1fc65894cc3e39f87a22088a7b990cb4d8cd0c3dbb40185028784b	ba3a32398f7bbe97c7b2fb49aa91cbc055e9e391de91e697ad7ff858fae3866f	VERIFIED_PREIMAGE_WITHOUT_LEDGER_PREDECESSOR
article-meta	great-leap-famine	fr	article-meta	Mis à jour  :1958—1961 · 2026-07-14	Mis à jour : 1958—1962 · 2026-07-14	c963edf6b1f1d0bd85f797fc95b7df5aa54bece0a522e0313de73d3df7e1e563	db46bdf2647211b0069f14d6a6990432870f5f6cdb7072f824fd097e358f9272	posts/great-leap-famine.html	8498e9c5f8c1a8d14f974af3b5023034a7f4940724d4ad3586056d658a776259	27da09ad2c1fc65894cc3e39f87a22088a7b990cb4d8cd0c3dbb40185028784b	ba3a32398f7bbe97c7b2fb49aa91cbc055e9e391de91e697ad7ff858fae3866f	VERIFIED_PREIMAGE_WITHOUT_LEDGER_PREDECESSOR
article-meta	great-leap-famine	no	article-meta	Oppdatert :1958—1961 · 2026-07-14	Oppdatert: 1958—1962 · 2026-07-14	9cc08eebf4e33c152d84c6bb82d878793273f5bea05b24ffa2076db6ec2b2c81	77545c6d4fdac789f8599c69a9104d82c5e1625415cbc35e263c8e91d5f05be1	posts/great-leap-famine.html	8498e9c5f8c1a8d14f974af3b5023034a7f4940724d4ad3586056d658a776259	27da09ad2c1fc65894cc3e39f87a22088a7b990cb4d8cd0c3dbb40185028784b	ba3a32398f7bbe97c7b2fb49aa91cbc055e9e391de91e697ad7ff858fae3866f	VERIFIED_PREIMAGE_WITHOUT_LEDGER_PREDECESSOR
article-meta	great-leap-famine	nl	article-meta	Bijgewerkt :1958—1961 · 2026-07-14	Bijgewerkt: 1958—1962 · 2026-07-14	4d791cc859b56dc69fca23d35521875ef8bae5d9231d949e5a31ba728dbb281e	0b65f0bfa77ce9227cf56a7683e44b1a036f1d288d0a3a8bd13ae22fdc3bbc61	posts/great-leap-famine.html	8498e9c5f8c1a8d14f974af3b5023034a7f4940724d4ad3586056d658a776259	27da09ad2c1fc65894cc3e39f87a22088a7b990cb4d8cd0c3dbb40185028784b	ba3a32398f7bbe97c7b2fb49aa91cbc055e9e391de91e697ad7ff858fae3866f	VERIFIED_PREIMAGE_WITHOUT_LEDGER_PREDECESSOR
article-meta	great-leap-famine	it	article-meta	Aggiornato :1958—1961 · 2026-07-14	Aggiornato: 1958—1962 · 2026-07-14	259ccec34ddd624cffa17d96a2ee364a1271269b9502027ca97c9c9836ca7e10	e2a38683b36471e9542d0290735a3a5af7bb210bd9a64a00a655438ff1e2b4b2	posts/great-leap-famine.html	8498e9c5f8c1a8d14f974af3b5023034a7f4940724d4ad3586056d658a776259	27da09ad2c1fc65894cc3e39f87a22088a7b990cb4d8cd0c3dbb40185028784b	ba3a32398f7bbe97c7b2fb49aa91cbc055e9e391de91e697ad7ff858fae3866f	VERIFIED_PREIMAGE_WITHOUT_LEDGER_PREDECESSOR
article-meta	land-reform-anti-rightist	zh	article-meta	資料更新：1950—1979 · 2026-07-14	資料更新：1950—1980 · 2026-07-14	8e4cda767cc419c9b5a8f436a06684e860598dfd5669fa90bf071449fba792f7	6d6cbfce4567beba35a4a2a9f4527461457f243576892caf46c92ea0d9813c8c	posts/land-reform-anti-rightist.html	5360fabb952a18fa4629ecd65fd37475ff96834dfbd33694503d17b1addce1c8	abf9c5eb1105293e72373dc40af81cb06eea3f9d159496a9e39ddf59cc17f226	ba3a32398f7bbe97c7b2fb49aa91cbc055e9e391de91e697ad7ff858fae3866f	VERIFIED_PREIMAGE_WITHOUT_LEDGER_PREDECESSOR
article-meta	land-reform-anti-rightist	en	article-meta	Updated :1950—1979 · 2026-07-14	Updated: 1950—1980 · 2026-07-14	f1a8070b5803202bfe8ed14851ddc75b325054763ddf74a852cd53f7bb22141f	672862d37ca8a5af87446f16beece55441f42850202566aa12ce7145b8c58349	posts/land-reform-anti-rightist.html	5360fabb952a18fa4629ecd65fd37475ff96834dfbd33694503d17b1addce1c8	abf9c5eb1105293e72373dc40af81cb06eea3f9d159496a9e39ddf59cc17f226	ba3a32398f7bbe97c7b2fb49aa91cbc055e9e391de91e697ad7ff858fae3866f	VERIFIED_PREIMAGE_WITHOUT_LEDGER_PREDECESSOR
article-meta	land-reform-anti-rightist	ja	article-meta	更新：1950—1979 · 2026-07-14	更新：1950—1980 · 2026-07-14	076142351db099cc18a5f6c441e6880cfe889fb57a74ffc98dc6acc53edea2d7	22907369b98b48e75aaf12dd80fe4eaf8a7e2ae10e19ba4cbd5d6b34d0a8e7c1	posts/land-reform-anti-rightist.html	5360fabb952a18fa4629ecd65fd37475ff96834dfbd33694503d17b1addce1c8	abf9c5eb1105293e72373dc40af81cb06eea3f9d159496a9e39ddf59cc17f226	ba3a32398f7bbe97c7b2fb49aa91cbc055e9e391de91e697ad7ff858fae3866f	VERIFIED_PREIMAGE_WITHOUT_LEDGER_PREDECESSOR
article-meta	land-reform-anti-rightist	ko	article-meta	업데이트 :1950—1979 · 2026-07-14	업데이트: 1950—1980 · 2026-07-14	bc8beb88d9c0c7af7d37c0d46329e6e74b4e5dfd17c1addc41dcb87946b5afb4	45f6dcef34e486f9161f3f0125c97588258c80bb0f8a73b20d94fa8887e56b69	posts/land-reform-anti-rightist.html	5360fabb952a18fa4629ecd65fd37475ff96834dfbd33694503d17b1addce1c8	abf9c5eb1105293e72373dc40af81cb06eea3f9d159496a9e39ddf59cc17f226	ba3a32398f7bbe97c7b2fb49aa91cbc055e9e391de91e697ad7ff858fae3866f	VERIFIED_PREIMAGE_WITHOUT_LEDGER_PREDECESSOR
article-meta	land-reform-anti-rightist	es	article-meta	Actualizado :1950—1979 · 2026-07-14	Actualizado: 1950—1980 · 2026-07-14	0a1bda55da7c4210d2abea27e9344b7c3b05f233360cec0c72b84552330b0d1b	f5875e23e8b5a255bea4f4453584952140d702e7fd9a2b67cfecaf4b23c580af	posts/land-reform-anti-rightist.html	5360fabb952a18fa4629ecd65fd37475ff96834dfbd33694503d17b1addce1c8	abf9c5eb1105293e72373dc40af81cb06eea3f9d159496a9e39ddf59cc17f226	ba3a32398f7bbe97c7b2fb49aa91cbc055e9e391de91e697ad7ff858fae3866f	VERIFIED_PREIMAGE_WITHOUT_LEDGER_PREDECESSOR
article-meta	land-reform-anti-rightist	de	article-meta	Aktualisiert :1950—1979 · 2026-07-14	Aktualisiert: 1950—1980 · 2026-07-14	c3d2ca0c9525ca7369928d3dea67717dfbe5f859201f076d17a33b975763347e	813af842334f705bc7db0ccc3398ce7fc5c0152e0f105e6e70b1e75a5f38c72d	posts/land-reform-anti-rightist.html	5360fabb952a18fa4629ecd65fd37475ff96834dfbd33694503d17b1addce1c8	abf9c5eb1105293e72373dc40af81cb06eea3f9d159496a9e39ddf59cc17f226	ba3a32398f7bbe97c7b2fb49aa91cbc055e9e391de91e697ad7ff858fae3866f	VERIFIED_PREIMAGE_WITHOUT_LEDGER_PREDECESSOR
article-meta	land-reform-anti-rightist	fr	article-meta	Mis à jour  :1950—1979 · 2026-07-14	Mis à jour : 1950—1980 · 2026-07-14	08b889985aaaa46ca7d9e76b2003e822c78bb8727be9de3e64d8c8023dea936d	5ad9cacf5b78090b0f1ca6b8320f43b48218a2ca191d93e2ae7016060998d24d	posts/land-reform-anti-rightist.html	5360fabb952a18fa4629ecd65fd37475ff96834dfbd33694503d17b1addce1c8	abf9c5eb1105293e72373dc40af81cb06eea3f9d159496a9e39ddf59cc17f226	ba3a32398f7bbe97c7b2fb49aa91cbc055e9e391de91e697ad7ff858fae3866f	VERIFIED_PREIMAGE_WITHOUT_LEDGER_PREDECESSOR
article-meta	land-reform-anti-rightist	no	article-meta	Oppdatert :1950—1979 · 2026-07-14	Oppdatert: 1950—1980 · 2026-07-14	bb9c9ceb1f6d2df353dfb0ee62005f7ad0c43d0a5675c41479ad2f70bed691b0	cc10af8e1abbfaa9240b305ef16664b36923f4b2acdb6a4fb5e84f23487139b3	posts/land-reform-anti-rightist.html	5360fabb952a18fa4629ecd65fd37475ff96834dfbd33694503d17b1addce1c8	abf9c5eb1105293e72373dc40af81cb06eea3f9d159496a9e39ddf59cc17f226	ba3a32398f7bbe97c7b2fb49aa91cbc055e9e391de91e697ad7ff858fae3866f	VERIFIED_PREIMAGE_WITHOUT_LEDGER_PREDECESSOR
article-meta	land-reform-anti-rightist	nl	article-meta	Bijgewerkt :1950—1979 · 2026-07-14	Bijgewerkt: 1950—1980 · 2026-07-14	d4cbeeae8c182e4d90291c653e7b484ce2750b6eec988ce4277fc7c0e23e84c2	90124354570d4c1a779f3717a38cb5044195ad3d4e1499f4aae2af98f9286186	posts/land-reform-anti-rightist.html	5360fabb952a18fa4629ecd65fd37475ff96834dfbd33694503d17b1addce1c8	abf9c5eb1105293e72373dc40af81cb06eea3f9d159496a9e39ddf59cc17f226	ba3a32398f7bbe97c7b2fb49aa91cbc055e9e391de91e697ad7ff858fae3866f	VERIFIED_PREIMAGE_WITHOUT_LEDGER_PREDECESSOR
article-meta	land-reform-anti-rightist	it	article-meta	Aggiornato :1950—1979 · 2026-07-14	Aggiornato: 1950—1980 · 2026-07-14	ec1b852e62118875b3b27b7325e4484aea3c380118c90ac9c9fbd5f07703e942	c1f626a00c43efc5f3e319c2970feab7728027b2e10dcbffb04996e4c55b9e5c	posts/land-reform-anti-rightist.html	5360fabb952a18fa4629ecd65fd37475ff96834dfbd33694503d17b1addce1c8	abf9c5eb1105293e72373dc40af81cb06eea3f9d159496a9e39ddf59cc17f226	ba3a32398f7bbe97c7b2fb49aa91cbc055e9e391de91e697ad7ff858fae3866f	VERIFIED_PREIMAGE_WITHOUT_LEDGER_PREDECESSOR
article-meta	tiananmen-1989	en	article-meta	Updated :1989—2024 · 2026-07-14	Updated: 1989—2024 · 2026-07-14	7a3a018dcc5653a92adefc6e4d30eef249eb44b7c4b4a38b7983bf83dc53eeb5	19d2bb6c6a52dbb0684591f7d000bd848e697c324cd4e51a3d9a1491640b46f2	posts/tiananmen-1989.html	eda034e5401ce913d5e659d84df5a3c4700627eae4fddcd57710811ff8d3291f	3bd04becd83cce622eb67f6d8f978978dd9c03a425fb37e5317b0562a0dccd95	ba3a32398f7bbe97c7b2fb49aa91cbc055e9e391de91e697ad7ff858fae3866f	VERIFIED_PREIMAGE_WITHOUT_LEDGER_PREDECESSOR
article-meta	tiananmen-1989	ko	article-meta	업데이트 :1989—2024 · 2026-07-14	업데이트: 1989—2024 · 2026-07-14	fecf554f5edf5e744fe3b0717ef8821e680cb615a1e4cf68a3afb250255a92a0	db2edbbab1ee1f50dacf7d1a21dd7e7c7b53f990750ea12358864b67d55d0fab	posts/tiananmen-1989.html	eda034e5401ce913d5e659d84df5a3c4700627eae4fddcd57710811ff8d3291f	3bd04becd83cce622eb67f6d8f978978dd9c03a425fb37e5317b0562a0dccd95	ba3a32398f7bbe97c7b2fb49aa91cbc055e9e391de91e697ad7ff858fae3866f	VERIFIED_PREIMAGE_WITHOUT_LEDGER_PREDECESSOR
article-meta	tiananmen-1989	es	article-meta	Actualizado :1989—2024 · 2026-07-14	Actualizado: 1989—2024 · 2026-07-14	464f50436c9dd594f527cf9faec8dbec9ccce85d5427bb056c1dc99d63fcfe63	065bb7b1945444a375327a9bcb9752542b2c72d44b5fdc398f759173f532912f	posts/tiananmen-1989.html	eda034e5401ce913d5e659d84df5a3c4700627eae4fddcd57710811ff8d3291f	3bd04becd83cce622eb67f6d8f978978dd9c03a425fb37e5317b0562a0dccd95	ba3a32398f7bbe97c7b2fb49aa91cbc055e9e391de91e697ad7ff858fae3866f	VERIFIED_PREIMAGE_WITHOUT_LEDGER_PREDECESSOR
article-meta	tiananmen-1989	de	article-meta	Aktualisiert :1989—2024 · 2026-07-14	Aktualisiert: 1989—2024 · 2026-07-14	d84dc794ea2a17926ee7c0777f9ed46b09b3740a9bf7568456f0c4a712f89065	cc4b40b8e9288323c8e884daf9b304d7e4dacb306d9f295d5b21a098ecb3eef1	posts/tiananmen-1989.html	eda034e5401ce913d5e659d84df5a3c4700627eae4fddcd57710811ff8d3291f	3bd04becd83cce622eb67f6d8f978978dd9c03a425fb37e5317b0562a0dccd95	ba3a32398f7bbe97c7b2fb49aa91cbc055e9e391de91e697ad7ff858fae3866f	VERIFIED_PREIMAGE_WITHOUT_LEDGER_PREDECESSOR
article-meta	tiananmen-1989	fr	article-meta	Mis à jour  :1989—2024 · 2026-07-14	Mis à jour : 1989—2024 · 2026-07-14	428941cc17f0bdd320d0bdf2bc9c409f382d1015333a4ca0e90c4c722ab23da6	a10971d39d3e0a1ba6f371db37dab401735587d852c6496ea29abf94f85523dc	posts/tiananmen-1989.html	eda034e5401ce913d5e659d84df5a3c4700627eae4fddcd57710811ff8d3291f	3bd04becd83cce622eb67f6d8f978978dd9c03a425fb37e5317b0562a0dccd95	ba3a32398f7bbe97c7b2fb49aa91cbc055e9e391de91e697ad7ff858fae3866f	VERIFIED_PREIMAGE_WITHOUT_LEDGER_PREDECESSOR
article-meta	tiananmen-1989	no	article-meta	Oppdatert :1989—2024 · 2026-07-14	Oppdatert: 1989—2024 · 2026-07-14	d3f7b8f36de2a86d29a3508c90055238a57e96a2d26caea480a0b49cedc0c883	3bec3f44ba8da8e6e4fb3232846fd3a6f38c50a65f645a7daf0c137dd848d189	posts/tiananmen-1989.html	eda034e5401ce913d5e659d84df5a3c4700627eae4fddcd57710811ff8d3291f	3bd04becd83cce622eb67f6d8f978978dd9c03a425fb37e5317b0562a0dccd95	ba3a32398f7bbe97c7b2fb49aa91cbc055e9e391de91e697ad7ff858fae3866f	VERIFIED_PREIMAGE_WITHOUT_LEDGER_PREDECESSOR
article-meta	tiananmen-1989	nl	article-meta	Bijgewerkt :1989—2024 · 2026-07-14	Bijgewerkt: 1989—2024 · 2026-07-14	b1da32df03776b9ef775c422616a3e44616854cc4d79643d70e05b1c55e6e9e1	7dc7b30a3de29879987ed455e6f4281c80e2493f2219f62a7a89dde46dac3b0a	posts/tiananmen-1989.html	eda034e5401ce913d5e659d84df5a3c4700627eae4fddcd57710811ff8d3291f	3bd04becd83cce622eb67f6d8f978978dd9c03a425fb37e5317b0562a0dccd95	ba3a32398f7bbe97c7b2fb49aa91cbc055e9e391de91e697ad7ff858fae3866f	VERIFIED_PREIMAGE_WITHOUT_LEDGER_PREDECESSOR
article-meta	tiananmen-1989	it	article-meta	Aggiornato :1989—2024 · 2026-07-14	Aggiornato: 1989—2024 · 2026-07-14	fab39ddf3e300d1bf10bededf1c6d211541a1a4df7cec417b903e63ee21795d5	668f8808c0e9c31002a67b523422c72edfc9b420dd47fafe64ec4cb763b24239	posts/tiananmen-1989.html	eda034e5401ce913d5e659d84df5a3c4700627eae4fddcd57710811ff8d3291f	3bd04becd83cce622eb67f6d8f978978dd9c03a425fb37e5317b0562a0dccd95	ba3a32398f7bbe97c7b2fb49aa91cbc055e9e391de91e697ad7ff858fae3866f	VERIFIED_PREIMAGE_WITHOUT_LEDGER_PREDECESSOR
card-field	huang-qi	excerpt_no	card:excerpt_no	Gjennom 64 Tianwang bevarte Huang Qi materiale om personer som leverte begjæringer, menneskerettighetssaker og lokale overgrep. Fengslingen i 2016, dommen i 2019 etter reglene om statshemmeligheter, helseproblemene og presset mot familien viser risikoen ved å kriminalisere sivile informasjonsrom.	Gjennom 64 Tianwang bevarte og formidlet Huang Qi materiale om begjæringer, menneskerettighetssaker og lokale overgrep. Han ble fengslet i 2016 og i 2019 dømt til tolv års fengsel for «forsettlig avsløring av statshemmeligheter» og «ulovlig utlevering av statshemmeligheter til utlandet»; helseproblemene og presset mot familien viser hvordan innsamling, bevaring og formidling av sivilt menneskerettighetsmateriale ble kriminalisert.	ce5317c8a7df083ceaedafd67e41226b36bfb14d66617d5b327cc15ad557fe04	68d4a4c2c6bcc04e47bb665f4a9478ec45b1091e5962d77218bd8bde9fecd54a	script.js	e5764af5d736d4621891f6ad6049a6ab7226ca9dd6cd1e88f229f786e1e8a1bc	999e7ea158238423ef37cc9b225a3bf538868263ff54cfd5c7848bf220088fbd	ba3a32398f7bbe97c7b2fb49aa91cbc055e9e391de91e697ad7ff858fae3866f	VERIFIED_FINAL1_CARD_DIFF_FROM_PREIMAGE
card-field	tiananmen-1989	excerpt_zh	card:excerpt_zh	1989 年 6 月 3 日至 4 日的軍事行動期間，北京和其他地方的學生和公民運動遭到暴力鎮壓。官方記錄、家庭記錄和獨立研究提供了有關死亡、責任以及後來紀念活動限制的不同證據。	1989年6月3日至4日，解放軍向和平示威者和旁觀市民使用實彈並造成死亡。當局至今未完整公開死亡人數、逐名名單、軍事命令鏈、拘押記錄和責任調查；天安門母親持續要求真相、賠償和問責。	7e47d42b077ab3c64079cc9dd8cc283b9c79945c879cc7f27771e1818ca0b6a3	31440cdade1be3f7a9c2aa449eb1227195d1c04f9ade74f2ea4dccd80ea326ac	script.js	e5764af5d736d4621891f6ad6049a6ab7226ca9dd6cd1e88f229f786e1e8a1bc	999e7ea158238423ef37cc9b225a3bf538868263ff54cfd5c7848bf220088fbd	ba3a32398f7bbe97c7b2fb49aa91cbc055e9e391de91e697ad7ff858fae3866f	VERIFIED_FINAL1_CARD_DIFF_FROM_PREIMAGE
card-field	tiananmen-1989	excerpt_en	card:excerpt_en	Student and citizen movements in Beijing and elsewhere were violently suppressed during military operations on June 3–4, 1989. Official records, family accounts, and independent research provide different evidence about deaths, responsibility, and later restrictions on commemoration.	On June 3–4, 1989, People’s Liberation Army troops used live ammunition against peaceful protesters and civilian bystanders, causing deaths. Chinese authorities have still not fully disclosed the death toll, a complete list of names, the military chain of command, detention records, or a responsibility investigation; the Tiananmen Mothers continue to demand truth, compensation, and accountability.	4e395ce07b4b25ddd2747b30e3fe11e4d210a5bf59b1dee73f5386fa89d0fd31	5eb56a5e13cc286767c8f1a95ae9b8e880b50f20420ed65d9b601bb9831115de	script.js	e5764af5d736d4621891f6ad6049a6ab7226ca9dd6cd1e88f229f786e1e8a1bc	999e7ea158238423ef37cc9b225a3bf538868263ff54cfd5c7848bf220088fbd	ba3a32398f7bbe97c7b2fb49aa91cbc055e9e391de91e697ad7ff858fae3866f	VERIFIED_FINAL1_CARD_DIFF_FROM_PREIMAGE
card-field	tiananmen-1989	excerpt_ja	card:excerpt_ja	北京などの学生・市民運動は、1989年6月3日から4日の軍事作戦中に暴力的に弾圧された。公式記録、遺族の記録、独立研究は、死亡、責任、その後の追悼・記念活動への制限について、それぞれ異なる証拠を示している。	1989年6月3日から4日にかけて、人民解放軍部隊は平和的なデモ参加者と市民の通行人に実弾を使用し、死者を出した。当局は現在も、死者数、実名入りの完全な名簿、軍の命令系統、拘禁記録、責任調査を全面公開しておらず、天安門の母たちは真相、賠償、責任追及を求め続けている。	fbf098358c985faaf096d39955cc77e44753fc53db61f37266ff706fcc315992	cdbea53fda3e7610c0a2211be2a67addfb5f3fa02b8ba77f05547153d416e176	script.js	e5764af5d736d4621891f6ad6049a6ab7226ca9dd6cd1e88f229f786e1e8a1bc	999e7ea158238423ef37cc9b225a3bf538868263ff54cfd5c7848bf220088fbd	ba3a32398f7bbe97c7b2fb49aa91cbc055e9e391de91e697ad7ff858fae3866f	VERIFIED_FINAL1_CARD_DIFF_FROM_PREIMAGE
card-field	tiananmen-1989	excerpt_ko	card:excerpt_ko	베이징과 다른 지역의 학생·시민 운동은 1989년 6월 3~4일 군사작전 중 폭력적으로 진압됐다. 공식 기록, 유가족의 기록과 독립 연구는 사망·책임·이후의 추모 및 기념 활동 제한에 관해 서로 다른 증거를 제시한다.	1989년 6월 3~4일 인민해방군 부대는 평화적 시위대와 현장에 있던 시민들에게 실탄을 사용해 사망자를 냈다. 당국은 지금까지도 사망자 수, 전체 실명 명단, 군 지휘·명령 체계, 구금 기록과 책임 조사를 완전히 공개하지 않았고, 톈안먼 어머니들은 진실·배상·책임 규명을 계속 요구하고 있다.	952a0e302eba0d208bd21054d0f5c6bd5c27b84114bebd321ed24ebb970b7f74	9afdbb4e104bb8214625564d79571ed516d89b5c799367e61a556896f02b6d59	script.js	e5764af5d736d4621891f6ad6049a6ab7226ca9dd6cd1e88f229f786e1e8a1bc	999e7ea158238423ef37cc9b225a3bf538868263ff54cfd5c7848bf220088fbd	ba3a32398f7bbe97c7b2fb49aa91cbc055e9e391de91e697ad7ff858fae3866f	VERIFIED_FINAL1_CARD_DIFF_FROM_PREIMAGE
card-field	tiananmen-1989	excerpt_es	card:excerpt_es	Los movimientos estudiantiles y ciudadanos en Beijing y otros lugares fueron violentamente reprimidos durante las operaciones militares del 3 al 4 de junio de 1989. Los registros oficiales, los relatos familiares y las investigaciones independientes proporcionan pruebas diferentes sobre las muertes, la responsabilidad y las restricciones posteriores a la conmemoración.	Los días 3 y 4 de junio de 1989, tropas del Ejército Popular de Liberación emplearon munición real contra manifestantes pacíficos y civiles presentes, causando muertes. Las autoridades aún no han publicado íntegramente el número de fallecidos, una lista nominal completa, la cadena de mando militar, los registros de detención ni una investigación de responsabilidades; las Madres de Tiananmén siguen exigiendo verdad, indemnización y rendición de cuentas.	3c263ccb84399c5f1bd3f6e31169459556c394ce9b687d763a767dceede442f5	69b70e8410e0826d491bb1f9b340d6784ee3177107584f9aa708e89a8fa55185	script.js	e5764af5d736d4621891f6ad6049a6ab7226ca9dd6cd1e88f229f786e1e8a1bc	999e7ea158238423ef37cc9b225a3bf538868263ff54cfd5c7848bf220088fbd	ba3a32398f7bbe97c7b2fb49aa91cbc055e9e391de91e697ad7ff858fae3866f	VERIFIED_FINAL1_CARD_DIFF_FROM_PREIMAGE
card-field	tiananmen-1989	excerpt_de	card:excerpt_de	Studenten- und Bürgerbewegungen in Peking und anderswo wurden während der Militäroperationen vom 3. bis 4. Juni 1989 gewaltsam unterdrückt. Offizielle Aufzeichnungen, Familienberichte und unabhängige Untersuchungen liefern unterschiedliche Beweise über Todesfälle, Verantwortlichkeiten und spätere Einschränkungen des Gedenkens.	Am 3. und 4. Juni 1989 setzte die Volksbefreiungsarmee scharfe Munition gegen friedliche Demonstrierende und unbeteiligte Zivilpersonen ein und tötete Menschen. Bis heute haben die Behörden die Zahl der Toten, eine vollständige Namensliste, die militärische Befehlskette, Haftakten und eine Untersuchung der Verantwortlichkeit nicht vollständig offengelegt; die Tiananmen-Mütter fordern weiterhin Wahrheit, Entschädigung und Rechenschaft.	af3288290aadc7adfb729d745688a8b22464211556d55b8372325f2fa05d31b1	6a6b9abf2add0d625979e64d067f5b57d9591adb606419d6112170419bab5fb3	script.js	e5764af5d736d4621891f6ad6049a6ab7226ca9dd6cd1e88f229f786e1e8a1bc	999e7ea158238423ef37cc9b225a3bf538868263ff54cfd5c7848bf220088fbd	ba3a32398f7bbe97c7b2fb49aa91cbc055e9e391de91e697ad7ff858fae3866f	VERIFIED_FINAL1_CARD_DIFF_FROM_PREIMAGE
card-field	tiananmen-1989	excerpt_fr	card:excerpt_fr	Les mouvements étudiants et citoyens à Pékin et ailleurs ont été violemment réprimés lors des opérations militaires des 3 et 4 juin 1989. Les documents officiels, les récits familiaux et les recherches indépendantes fournissent des preuves différentes sur les décès, les responsabilités et les restrictions ultérieures sur la commémoration.	Les 3 et 4 juin 1989, des unités de l’Armée populaire de libération ont employé des munitions réelles contre des manifestants pacifiques et des civils présents, faisant des morts. Les autorités n’ont toujours pas publié intégralement le nombre de morts, une liste nominative complète, la chaîne de commandement militaire, les dossiers de détention ni une enquête sur les responsabilités ; les Mères de Tiananmen continuent d’exiger vérité, indemnisation et reddition de comptes.	ec685b62ba3dce187726535f7a98c45e273479eb6d1d8557381abd63803b871b	5dfca9c9c5a8eb140e4e414c17fb213b485605bdef5716b803052d535847d4c7	script.js	e5764af5d736d4621891f6ad6049a6ab7226ca9dd6cd1e88f229f786e1e8a1bc	999e7ea158238423ef37cc9b225a3bf538868263ff54cfd5c7848bf220088fbd	ba3a32398f7bbe97c7b2fb49aa91cbc055e9e391de91e697ad7ff858fae3866f	VERIFIED_FINAL1_CARD_DIFF_FROM_PREIMAGE
card-field	tiananmen-1989	excerpt_no	card:excerpt_no	Student- og borgerbevegelser i Beijing og andre steder ble voldelig undertrykt under militære operasjoner 3.–4. juni 1989. Offisielle dokumenter, familienes beretninger og uavhengig forskning gir ulike bevis om dødsfall, ansvarliggjøring og senere restriksjoner på minnearbeid.	3.–4. juni 1989 brukte avdelinger fra Folkets frigjøringshær skarp ammunisjon mot fredelige demonstranter og sivile som befant seg i området, noe som førte til dødsfall. Myndighetene har fortsatt ikke offentliggjort fullstendige opplysninger om dødstallet, en fullstendig navneliste, den militære kommandokjeden, interneringsregistrene eller en granskning av ansvaret; Tiananmen-mødrene krever fortsatt sannhet, erstatning og ansvarliggjøring.	e8e801975f54e80f6a802202154da12a3f2659a94f9c2cc86e84f8243f71ad03	95b9b26ff6e22a2164f0b9a40a9196014069f94ae65e1195f136028ccf4afaa7	script.js	e5764af5d736d4621891f6ad6049a6ab7226ca9dd6cd1e88f229f786e1e8a1bc	999e7ea158238423ef37cc9b225a3bf538868263ff54cfd5c7848bf220088fbd	ba3a32398f7bbe97c7b2fb49aa91cbc055e9e391de91e697ad7ff858fae3866f	VERIFIED_FINAL1_CARD_DIFF_FROM_PREIMAGE
card-field	tiananmen-1989	excerpt_nl	card:excerpt_nl	Studenten- en burgerbewegingen in Peking en elders werden gewelddadig onderdrukt tijdens militaire operaties op 3 en 4 juni 1989. Officiële documenten, verslagen van families en onafhankelijk onderzoek leveren verschillend bewijsmateriaal over sterfgevallen, verantwoordelijkheid en latere beperkingen op herdenkingen.	Op 3 en 4 juni 1989 gebruikte het Volksbevrijdingsleger scherpe munitie tegen vreedzame demonstranten en omstaande burgers, met doden tot gevolg. De autoriteiten hebben nog steeds niet het volledige dodental, een complete namenlijst, de militaire bevelslijn, detentiegegevens of een onderzoek naar verantwoordelijkheid openbaar gemaakt; de Tiananmen-moeders blijven waarheid, schadevergoeding en verantwoording eisen.	5700ee079660317bc6a8ff6e6620fa19d97a0d9f0b6d0cf8a60353144b7257f9	71e773713984b562be3e979938349633cff4433e658f7af9a7361b406f886d1b	script.js	e5764af5d736d4621891f6ad6049a6ab7226ca9dd6cd1e88f229f786e1e8a1bc	999e7ea158238423ef37cc9b225a3bf538868263ff54cfd5c7848bf220088fbd	ba3a32398f7bbe97c7b2fb49aa91cbc055e9e391de91e697ad7ff858fae3866f	VERIFIED_FINAL1_CARD_DIFF_FROM_PREIMAGE
card-field	tiananmen-1989	excerpt_it	card:excerpt_it	I movimenti di studenti e cittadini a Pechino e altrove furono violentemente repressi durante le operazioni militari del 3 e 4 giugno 1989. Documenti ufficiali, resoconti familiari e ricerche indipendenti forniscono prove diverse su morti, responsabilità e successive restrizioni alla commemorazione.	Il 3 e 4 giugno 1989, reparti dell’Esercito popolare di liberazione usarono munizioni vere contro manifestanti pacifici e civili presenti, causando morti. Le autorità non hanno ancora pubblicato integralmente il numero delle vittime, un elenco nominativo completo, la catena di comando militare, i registri delle detenzioni né un’indagine sulle responsabilità; le Madri di Tiananmen continuano a chiedere verità, risarcimento e accertamento delle responsabilità.	08e097ffc95d2a84c7dea80184c55bbc8ea3799f9bc94dd393c8e449f23323db	5ab9b16c41fea7d193d93baa6b84cf193f1757393bc3a62c927044b9e7038f2b	script.js	e5764af5d736d4621891f6ad6049a6ab7226ca9dd6cd1e88f229f786e1e8a1bc	999e7ea158238423ef37cc9b225a3bf538868263ff54cfd5c7848bf220088fbd	ba3a32398f7bbe97c7b2fb49aa91cbc055e9e391de91e697ad7ff858fae3866f	VERIFIED_FINAL1_CARD_DIFF_FROM_PREIMAGE
card-field	falun-gong-persecution	excerpt_zh	card:excerpt_zh	1999年政府禁制法輪功後，人權組織與修煉者材料記錄了大規模拘押、酷刑及其他虐待指控。聯合國特別程序、政府報告和相關組織另行記錄強制摘取器官指控；公開政策文件、個案材料與上述指控各有不同證據作用，而獨立調查、醫療資料准入和證人保護仍是追查責任不可缺少的條件。	1999年7月20日，警方開始在多個城市拘捕法輪功組織者；7月22日，當局正式宣布取締。人權組織其後記錄具名個案及任意拘押、酷刑、死亡與不公平程序指控；聯合國特別程序則記錄強制摘取器官與歧視性醫學檢測指控，要求提供資料並呼籲獨立調查。國家媒體對官方立場的回顧、人權組織的具名個案記錄與聯合國指控函各有不同證據作用。各項指控逐一歸屬於人權組織的具名個案或記錄，或聯合國指控函；查明事實與責任需要獨立調查、醫療與移植資料及證人保護。	716db2837ef48533cb778fd23ddd5fe5fb8c38be7eadfd018ae5c6f7ef6e953d	055b58a806c0f0ea5a10a4b4d2e21e2f23f5566846cf46634f51a391959ab4d6	script.js	e5764af5d736d4621891f6ad6049a6ab7226ca9dd6cd1e88f229f786e1e8a1bc	999e7ea158238423ef37cc9b225a3bf538868263ff54cfd5c7848bf220088fbd	ba3a32398f7bbe97c7b2fb49aa91cbc055e9e391de91e697ad7ff858fae3866f	VERIFIED_FINAL1_CARD_DIFF_FROM_PREIMAGE
card-field	falun-gong-persecution	excerpt_en	card:excerpt_en	After the government banned Falun Gong in 1999, human-rights organizations and materials from practitioners recorded allegations of mass detention, torture and other ill-treatment. Allegations of forced organ harvesting were separately recorded in communications by UN Special Procedures and in materials issued by governments and relevant organizations. Public policy documents, case materials and those allegations serve distinct evidentiary functions; independent investigation, access to medical and transplant data, and witness protection remain essential to determining responsibility.	Police began detaining Falun Gong organizers in several cities on July 20, 1999; authorities formally announced the ban on July 22. Human-rights organizations later documented named cases and allegations of arbitrary detention, torture, deaths, and unfair proceedings, while UN Special Procedures recorded allegations of forced organ harvesting and discriminatory medical testing, requested records, and called for independent investigation. The state-media account of the official position, named NGO cases and records, and the UN allegation letter serve distinct evidentiary roles. Each allegation is attributed individually to the relevant NGO case or record or to the UN allegation letter; establishing facts and responsibility requires independent investigation, medical and transplant data, and witness protection.	c93b8b1a4f87f719c5a95860fd618f0665ffd55750ed3e36fa70292206be2de5	00776db785ba8de0f87eeb4a2e02841228bac0bee6f93edf514167fa7c9770fc	script.js	e5764af5d736d4621891f6ad6049a6ab7226ca9dd6cd1e88f229f786e1e8a1bc	999e7ea158238423ef37cc9b225a3bf538868263ff54cfd5c7848bf220088fbd	ba3a32398f7bbe97c7b2fb49aa91cbc055e9e391de91e697ad7ff858fae3866f	VERIFIED_FINAL1_CARD_DIFF_FROM_PREIMAGE
card-field	falun-gong-persecution	excerpt_ja	card:excerpt_ja	1999年に政府が法輪功を禁止した後、人権団体と修練者の資料は、大規模な拘禁、拷問、その他の虐待に関する申し立てを記録してきた。強制的な臓器摘出に関する申し立ては、国連特別手続の通信や各国政府・関係団体の資料にも別個に記録されている。公開された政策文書、個別事例の資料、これらの申し立ては、それぞれ異なる証拠上の役割を担う。責任を明らかにするには、独立調査、医療・移植データへのアクセス、証人保護が不可欠である。	1999年7月20日、警察は複数都市で法輪功の組織者の拘束を開始し、当局は7月22日に正式な禁止を発表した。人権団体はその後、実名事例と恣意的拘禁、拷問、死亡、不公正な手続に関する申立てを記録した。国連特別手続は強制的臓器摘出と差別的医学検査の申立てを記録し、資料提供と独立調査を求めた。政府見解を回顧的に伝える国営メディア、人権団体の実名事例記録、国連の申立書簡は証拠上の役割が異なる。各申立ては人権団体の実名事例・記録または国連の申立書簡に個別に帰属し、事実と責任の解明には独立調査、医療・移植データ、証人保護が必要となる。	31c312ee4e4fa57854fe31b42f6ef1e8f150a5aba945dec207baf65c4880821f	70f099ac5638b97d20f9b86774fb1a55f26b8b51f93ce631e0493c02c57c0b0d	script.js	e5764af5d736d4621891f6ad6049a6ab7226ca9dd6cd1e88f229f786e1e8a1bc	999e7ea158238423ef37cc9b225a3bf538868263ff54cfd5c7848bf220088fbd	ba3a32398f7bbe97c7b2fb49aa91cbc055e9e391de91e697ad7ff858fae3866f	VERIFIED_FINAL1_CARD_DIFF_FROM_PREIMAGE
card-field	falun-gong-persecution	excerpt_ko	card:excerpt_ko	1999년 정부가 파룬궁을 금지한 뒤 인권단체와 수련자 자료는 대규모 구금, 고문 및 그 밖의 가혹행위 의혹을 기록했다. 강제 장기 적출 의혹은 유엔 특별절차의 서한과 각국 정부 및 관련 단체의 자료에도 별도로 기록돼 있다. 공개 정책 문서, 개별 사례 자료와 이러한 의혹은 서로 다른 증거 역할을 하며, 책임을 규명하려면 독립 조사, 의료·이식 자료에 대한 접근과 증인 보호가 필수적이다.	1999년 7월 20일 경찰은 여러 도시에서 파룬궁 조직자 구금을 시작했고, 당국은 7월 22일 공식 금지를 발표했다. 인권단체는 이후 실명 사례와 자의적 구금·고문·사망·불공정 절차 의혹을 기록했다. 유엔 특별절차는 강제 장기 적출과 차별적 의료검사 의혹을 기록하고 자료 제출과 독립 조사를 요청했다. 국가 매체가 회고적으로 전한 공식 입장, 인권단체의 실명 사례 기록과 유엔 의혹 서한은 증거 역할이 서로 다르다. 각 의혹은 인권단체의 실명 사례·기록 또는 유엔 의혹 서한에 개별 귀속되며, 사실과 책임 규명에는 독립 조사, 의료·이식 자료와 증인 보호가 필요하다.	4cb2e9c5648659f14749190d0d5faa4a8911634a9269069e2de1e8efaa93f45d	a413ab03b14f75100baa78e61e153b0df35b341c4fbc4098a62be4e810b0088a	script.js	e5764af5d736d4621891f6ad6049a6ab7226ca9dd6cd1e88f229f786e1e8a1bc	999e7ea158238423ef37cc9b225a3bf538868263ff54cfd5c7848bf220088fbd	ba3a32398f7bbe97c7b2fb49aa91cbc055e9e391de91e697ad7ff858fae3866f	VERIFIED_FINAL1_CARD_DIFF_FROM_PREIMAGE
card-field	falun-gong-persecution	excerpt_es	card:excerpt_es	Tras la prohibición de Falun Gong en 1999, organizaciones de derechos humanos y materiales de practicantes registraron denuncias de detenciones masivas, tortura y otros malos tratos. Las denuncias de extracción forzada de órganos aparecen consignadas por separado en comunicaciones de los procedimientos especiales de la ONU y en materiales de gobiernos y organizaciones pertinentes. Los documentos públicos de política, los materiales de casos y esas denuncias cumplen funciones probatorias distintas; para determinar responsabilidades siguen siendo indispensables una investigación independiente, el acceso a datos médicos y de trasplantes y la protección de testigos.	El 20 de julio de 1999, la policía comenzó a detener a organizadores de Falun Gong en varias ciudades; el 22 de julio, las autoridades anunciaron formalmente la prohibición. Organizaciones de derechos humanos documentaron después casos identificados y alegaciones de detención arbitraria, tortura, muertes y procedimientos injustos; los Procedimientos Especiales de la ONU registraron alegaciones de extracción forzada de órganos y pruebas médicas discriminatorias, solicitaron información y reclamaron una investigación independiente. La exposición retrospectiva de la posición oficial en un medio estatal, los casos identificados y registros de las ONG y la carta de alegaciones de la ONU cumplen funciones probatorias distintas. Cada alegación se atribuye individualmente al caso o registro de la organización correspondiente o a la carta de la ONU; establecer los hechos y las responsabilidades requiere investigación independiente, datos médicos y de trasplantes y protección de testigos.	0920f2ba48df7189a22d4bca84b4ca58be286c80d8b8d090966c10a360a51186	ecd027b08e60851452c79b961b488f79b78e25679ed10203d84847c1b04a463d	script.js	e5764af5d736d4621891f6ad6049a6ab7226ca9dd6cd1e88f229f786e1e8a1bc	999e7ea158238423ef37cc9b225a3bf538868263ff54cfd5c7848bf220088fbd	ba3a32398f7bbe97c7b2fb49aa91cbc055e9e391de91e697ad7ff858fae3866f	VERIFIED_FINAL1_CARD_DIFF_FROM_PREIMAGE
card-field	falun-gong-persecution	excerpt_de	card:excerpt_de	Nach dem Verbot von Falun Gong im Jahr 1999 dokumentierten Menschenrechtsorganisationen und Unterlagen von Praktizierenden Vorwürfe massenhafter Inhaftierungen, Folter und anderer Misshandlungen. Vorwürfe erzwungener Organentnahmen wurden gesondert in Mitteilungen der UN-Sonderverfahren sowie in Unterlagen von Regierungen und einschlägigen Organisationen festgehalten. Öffentliche Politikdokumente, Fallmaterialien und diese Vorwürfe erfüllen unterschiedliche Beweisfunktionen; zur Klärung der Verantwortung bleiben unabhängige Ermittlungen, Zugang zu medizinischen und Transplantationsdaten und Zeugenschutz unerlässlich.	Am 20. Juli 1999 begann die Polizei in mehreren Städten, Organisatoren von Falun Gong festzunehmen; am 22. Juli gaben die Behörden das Verbot formell bekannt. Menschenrechtsorganisationen dokumentierten später namentlich bezeichnete Fälle und Vorwürfe willkürlicher Haft, von Folter, Todesfällen und unfairen Verfahren; UN-Sonderverfahren hielten Vorwürfe erzwungener Organentnahme und diskriminierender medizinischer Tests fest, verlangten Unterlagen und forderten eine unabhängige Untersuchung. Der rückblickende Bericht eines Staatsmediums über die amtliche Position, namentlich bezeichnete NGO-Fälle und -Aufzeichnungen sowie das UN-Schreiben mit Vorwürfen haben unterschiedliche Beweisfunktionen. Jeder Vorwurf wird einzeln dem jeweiligen NGO-Fall oder -Bericht beziehungsweise dem UN-Schreiben zugeordnet; die Klärung von Tatsachen und Verantwortung erfordert unabhängige Untersuchung, Medizin- und Transplantationsdaten und Zeugenschutz.	86e50c25f62533d8b2c387d026ebbcaa3c4dd2d63d64effb26303cdfd73c43b9	14e4a2afe715037dd998bc2ff8912b7daf35c808ae427b640d264c9879f7182c	script.js	e5764af5d736d4621891f6ad6049a6ab7226ca9dd6cd1e88f229f786e1e8a1bc	999e7ea158238423ef37cc9b225a3bf538868263ff54cfd5c7848bf220088fbd	ba3a32398f7bbe97c7b2fb49aa91cbc055e9e391de91e697ad7ff858fae3866f	VERIFIED_FINAL1_CARD_DIFF_FROM_PREIMAGE
card-field	falun-gong-persecution	excerpt_fr	card:excerpt_fr	Après l’interdiction du Falun Gong en 1999, des organisations de défense des droits humains et des documents provenant de pratiquants ont consigné des allégations de détentions massives, de torture et d’autres mauvais traitements. Des allégations de prélèvements forcés d’organes ont été consignées séparément dans des communications des procédures spéciales de l’ONU ainsi que dans des documents émanant de gouvernements et d’organisations concernées. Les documents publics de politique, les dossiers de cas et ces allégations remplissent des fonctions probatoires distinctes ; établir les responsabilités exige toujours une enquête indépendante, l’accès aux données médicales et de transplantation et la protection des témoins.	Le 20 juillet 1999, la police a commencé à arrêter des organisateurs du Falun Gong dans plusieurs villes ; le 22 juillet, les autorités ont annoncé officiellement l’interdiction. Des organisations de défense des droits humains ont ensuite documenté des cas nominatifs et des allégations de détention arbitraire, torture, décès et procédures inéquitables ; les procédures spéciales de l’ONU ont consigné des allégations de prélèvements forcés d’organes et d’examens médicaux discriminatoires, demandé des informations et appelé à une enquête indépendante. Le récit rétrospectif de la position officielle par un média d’État, les cas nominatifs et dossiers des ONG et la lettre d’allégations de l’ONU ont des fonctions probatoires distinctes. Chaque allégation est attribuée individuellement au cas ou dossier de l’organisation concernée ou à la lettre de l’ONU ; établir les faits et les responsabilités exige une enquête indépendante, des données médicales et de transplantation et la protection des témoins.	d89c0398ff70d909d92c438c73f5aced31bda85f81dd275eafdcd879210feed7	ed19f8db2393506c54bed2efd29e4e7715deeb98d0cdbdebe0697f498cfc741b	script.js	e5764af5d736d4621891f6ad6049a6ab7226ca9dd6cd1e88f229f786e1e8a1bc	999e7ea158238423ef37cc9b225a3bf538868263ff54cfd5c7848bf220088fbd	ba3a32398f7bbe97c7b2fb49aa91cbc055e9e391de91e697ad7ff858fae3866f	VERIFIED_FINAL1_CARD_DIFF_FROM_PREIMAGE
card-field	falun-gong-persecution	excerpt_no	card:excerpt_no	Etter at myndighetene forbød Falun Gong i 1999, dokumenterte menneskerettighetsorganisasjoner og materiale fra utøvere påstander om masseinternering, tortur og annen mishandling. Påstander om tvungen organhøsting er særskilt registrert i kommunikasjon fra FNs spesialprosedyrer og i materiale fra myndigheter og relevante organisasjoner. Offentlige styringsdokumenter, saksdokumenter og disse påstandene har ulike bevisfunksjoner; uavhengig etterforskning, tilgang til medisinske data og transplantasjonsdata og vern av vitner er fortsatt avgjørende for å fastslå ansvar.	20. juli 1999 begynte politiet å pågripe Falun Gong-organisatorer i flere byer; 22. juli kunngjorde myndighetene det formelle forbudet. Menneskerettighetsorganisasjoner dokumenterte senere navngitte saker og påstander om vilkårlig frihetsberøvelse, tortur, dødsfall og urettferdige prosesser; FNs spesialprosedyrer registrerte påstander om tvungen organhøsting og diskriminerende medisinske undersøkelser, ba om opplysninger og etterlyste en uavhengig gransking. Statsmediets retrospektive gjengivelse av myndighetenes standpunkt, navngitte NGO-saker og -dokumentasjon og FNs påstandsbrev har ulike bevisfunksjoner. Hver påstand knyttes særskilt til den aktuelle NGO-saken eller dokumentasjonen eller til FN-brevet; fastsettelse av fakta og ansvar krever uavhengig gransking, medisinske data og transplantasjonsdata og vitnevern.	3840817ad762df75eb5fe3bd6c7c7fbbea0feb6a3fa6ab3135711cb00b27265f	281a353f96154ecc15686a68ae4a71e279152d533e2ff4068b4eab2f67d129e8	script.js	e5764af5d736d4621891f6ad6049a6ab7226ca9dd6cd1e88f229f786e1e8a1bc	999e7ea158238423ef37cc9b225a3bf538868263ff54cfd5c7848bf220088fbd	ba3a32398f7bbe97c7b2fb49aa91cbc055e9e391de91e697ad7ff858fae3866f	VERIFIED_FINAL1_CARD_DIFF_FROM_PREIMAGE
card-field	falun-gong-persecution	excerpt_nl	card:excerpt_nl	Nadat de overheid Falun Gong in 1999 verbood, legden mensenrechtenorganisaties en materiaal van beoefenaars beschuldigingen van grootschalige detentie, marteling en andere mishandeling vast. Beschuldigingen van gedwongen orgaanroof zijn afzonderlijk vastgelegd in mededelingen van speciale VN-procedures en in materiaal van overheden en betrokken organisaties. Openbare beleidsdocumenten, stukken over individuele zaken en deze beschuldigingen vervullen verschillende bewijsfuncties; onafhankelijk onderzoek, toegang tot medische en transplantatiegegevens en bescherming van getuigen blijven onmisbaar om verantwoordelijkheid vast te stellen.	Op 20 juli 1999 begon de politie in meerdere steden organisatoren van Falun Gong aan te houden; op 22 juli kondigden de autoriteiten het verbod formeel af. Mensenrechtenorganisaties documenteerden later zaken met geïdentificeerde personen en beschuldigingen van willekeurige detentie, marteling, sterfgevallen en oneerlijke procedures; speciale VN-procedures legden beschuldigingen van gedwongen orgaanverwijdering en discriminerend medisch onderzoek vast, vroegen om gegevens en riepen op tot onafhankelijk onderzoek. De retrospectieve weergave van het officiële standpunt in een staatsmedium, NGO-zaken met geïdentificeerde personen en bijbehorende documentatie en de VN-brief met beschuldigingen vervullen verschillende bewijsfuncties. Elke beschuldiging wordt afzonderlijk toegeschreven aan de desbetreffende NGO-zaak of -documentatie of aan de VN-brief; vaststelling van feiten en verantwoordelijkheid vereist onafhankelijk onderzoek, medische en transplantatiegegevens en getuigenbescherming.	7328796c59fd4b836a654f0b63ba5e5035a0088dafbe91232bb2843d89ba9f07	f580e88df9f71b83678b3e476e9c81fe4e2abde343f4bbc9c49525545d1098b0	script.js	e5764af5d736d4621891f6ad6049a6ab7226ca9dd6cd1e88f229f786e1e8a1bc	999e7ea158238423ef37cc9b225a3bf538868263ff54cfd5c7848bf220088fbd	ba3a32398f7bbe97c7b2fb49aa91cbc055e9e391de91e697ad7ff858fae3866f	VERIFIED_FINAL1_CARD_DIFF_FROM_PREIMAGE
card-field	falun-gong-persecution	excerpt_it	card:excerpt_it	Dopo che il governo ha messo al bando il Falun Gong nel 1999, organizzazioni per i diritti umani e materiali dei praticanti hanno documentato accuse di detenzioni di massa, tortura e altri maltrattamenti. Le accuse di prelievo forzato di organi sono state registrate separatamente nelle comunicazioni delle procedure speciali dell’ONU e nei materiali di governi e organizzazioni pertinenti. I documenti pubblici sulle politiche, i materiali relativi ai singoli casi e tali accuse svolgono funzioni probatorie diverse; indagini indipendenti, accesso ai dati medici e sui trapianti e protezione dei testimoni restano indispensabili per accertare le responsabilità.	Il 20 luglio 1999 la polizia iniziò ad arrestare organizzatori del Falun Gong in diverse città; il 22 luglio le autorità annunciarono formalmente il divieto. Organizzazioni per i diritti umani documentarono in seguito casi nominativi e accuse di detenzione arbitraria, tortura, decessi e procedimenti iniqui; le procedure speciali dell’ONU registrarono accuse di prelievo forzato di organi e test medici discriminatori, chiesero informazioni e sollecitarono un’indagine indipendente. Il resoconto retrospettivo della posizione ufficiale da parte di un organo di stampa statale, i casi nominativi e la documentazione delle ONG e la lettera di accuse dell’ONU svolgono funzioni probatorie distinte. Ogni accusa è attribuita individualmente al caso o alla documentazione dell’organizzazione pertinente oppure alla lettera dell’ONU; l’accertamento dei fatti e delle responsabilità richiede indagini indipendenti, dati medici e sui trapianti e protezione dei testimoni.	784e3870bead9dfdfb494e79d3b406372315fbc4381b0ad9eb822467a1535f86	b117cff9d9d4870f0f24d4d846732f4af5a9918ea92aa3ba4331081b65bac329	script.js	e5764af5d736d4621891f6ad6049a6ab7226ca9dd6cd1e88f229f786e1e8a1bc	999e7ea158238423ef37cc9b225a3bf538868263ff54cfd5c7848bf220088fbd	ba3a32398f7bbe97c7b2fb49aa91cbc055e9e391de91e697ad7ff858fae3866f	VERIFIED_FINAL1_CARD_DIFF_FROM_PREIMAGE
