file	language	section	exact_visible_text	result	review_note
contact.html	zh	channels	可用的聯絡方式 可透過公開電子郵件 wuzong2025@gmail.com 或首頁的 Formspree 表單聯絡本站。這兩種方式可用於提交公開來源、事實更正、失效連結、翻譯問題與公開協作提案。 首頁表單位於 index.html#contact，並將填寫內容提交至 https://formspree.io/f/xgvdozke。	PASS-REVIEWED	繁體中文渠道段核对公开邮箱、首页Formspree表单、index.html#contact与固定端点的关系；端点只作为表单提交目标。
contact.html	zh	submissions	您可以提交什麼 公開來源，以及該來源所支持的頁面、段落或事實陳述。 指出問題確切位置並附上佐證資料的事實更正。 失效的外部連結，或顯示錯誤的來源標題。 翻譯問題，例如姓名、法律術語、日期或來源歸屬錯誤。 不公開私人或敏感資訊的公開合作提案。	PASS-REWRITTEN	繁體中文提交清单逐项核对「支持的頁面、段落或事實陳述」「確切位置」「顯示錯誤的來源標題」，并确认更正、失效链接、翻译问题与公开合作均为自然名词项目。
contact.html	zh	form-data	Formspree 資料流和安全 首頁表單會將 name、email、message 三個欄位提交給外部表單服務 Formspree。Formspree 處理這些欄位並把訊息轉送給本站，讓本站能夠接收來信。 請勿使用該表單傳送住址、電話號碼、身分證件、未公開的家庭關係、未成年人的敏感資訊、私人影像，或可能識別中國境內人士並使其面臨危險的資料。 此表單不適合傳送敏感、緊急或機密資料。本站無法控制 Formspree 如何儲存或處理所提交的資料。	PASS-REWRITTEN	繁體中文数据流逐句核对「提交給」「處理」「轉送給本站」，确认name/email/message经外部Formspree到本站，并保留敏感资料禁投与Formspree存储处理边界。
contact.html	en	channels	Available contact channels Contact the site through the public email address wuzong2025@gmail.com or the Formspree form on the homepage. Either channel can be used for public sources, factual corrections, broken links, translation problems, and public collaboration proposals. The homepage form is at index.html#contact and submits its contents to https://formspree.io/f/xgvdozke.	PASS-REVIEWED	English渠道段核对公开邮箱、首页Formspree表单、index.html#contact与固定端点的关系；端点只作为表单提交目标。
contact.html	en	submissions	What you can submit A public source and the page, passage, or factual statement it supports. A factual correction that identifies the exact passage and provides supporting material. A broken external link or a source title displayed incorrectly. A translation problem involving a name, legal term, date, or source attribution. A public collaboration proposal that does not disclose private or sensitive information.	PASS-REWRITTEN	English提交清单逐项核对“page, passage, or factual statement”, “exact passage”, and “source title displayed incorrectly”，并确认更正、失效链接、翻译问题与公开合作均为自然名词项目。
contact.html	en	form-data	Formspree data flow and safety The homepage form submits the three fields name, email, and message to the external form service Formspree. Formspree processes those fields and forwards the message to the site so that the site can receive the correspondence. Do not use the form to send home addresses, phone numbers, identity documents, undisclosed family relationships, sensitive information about minors, private images, or material that could identify or endanger people inside China. The form is unsuitable for sensitive, urgent, or confidential material. The site does not control how Formspree stores or processes submitted data.	PASS-REWRITTEN	English数据流逐句核对“submits to”, “processes”, and “forwards … to the site”，确认name/email/message经外部Formspree到本站，并保留敏感资料禁投与Formspree存储处理边界。
contact.html	ja	channels	連絡方法 公開メールアドレス wuzong2025@gmail.com またはホームページの Formspree フォームから連絡できます。公開資料、事実関係の訂正、リンク切れ、翻訳上の問題、公開の協力提案はいずれの方法でも送れます。 ホームページのフォームは index.html#contact にあり、送信先は https://formspree.io/f/xgvdozke です。	PASS-REVIEWED	日本語渠道段核对公开邮箱、首页Formspree表单、index.html#contact与固定端点的关系；端点只作为表单提交目标。
contact.html	ja	submissions	提出できるもの 公開資料と、その資料が裏付けるページ、記述、または事実関係。 問題箇所と裏付け資料を明示した事実訂正。 切れている外部リンク、または誤って表示されている出典名。 氏名、法律用語、日付、出典表示の誤りなど、翻訳上の問題。 個人情報や機微な情報を含まない、公開の協力に関する提案。	PASS-REWRITTEN	日本語提交清单逐项核对「裏付けるページ、記述、事実関係」「問題箇所」「誤って表示されている出典名」，并确认更正、失效链接、翻译问题与公开合作均为自然名词项目。
contact.html	ja	form-data	Formspree のデータ フローと安全性 ホームページのフォームは、name、email、message の3項目を外部フォームサービスの Formspree に送信します。Formspree はこれらの項目を処理し、サイトが連絡を受け取れるようメッセージをサイトへ転送します。 このフォームには、自宅住所、電話番号、身分証明書、非公開の家族関係、未成年者の機微情報、私的な画像、または中国国内の人を特定し危険にさらすおそれのある資料を送らないでください。 このフォームは、機微な情報、緊急の連絡、秘密情報の送信には適していません。サイトは、Formspree による送信データの保存・処理方法を管理できません。	PASS-REWRITTEN	日本語数据流逐句核对「送信」「処理」「サイトへ転送」，确认name/email/message经外部Formspree到本站，并保留敏感资料禁投与Formspree存储处理边界。
contact.html	ko	channels	연락 방법 공개 이메일 주소 wuzong2025@gmail.com 또는 홈페이지의 Formspree 양식으로 연락할 수 있습니다. 공개 자료, 사실관계 정정, 깨진 링크, 번역 문제, 공개 협업 제안은 어느 경로로든 보낼 수 있습니다. 홈페이지 양식은 index.html#contact에 있으며 입력 내용은 https://formspree.io/f/xgvdozke로 제출됩니다.	PASS-REVIEWED	한국어渠道段核对公开邮箱、首页Formspree表单、index.html#contact与固定端点的关系；端点只作为表单提交目标。
contact.html	ko	submissions	제출할 수 있는 것 공개 자료와 그 자료가 뒷받침하는 페이지, 문단 또는 사실 서술. 문제의 정확한 위치와 근거 자료를 제시한 사실 정정. 끊어진 외부 링크 또는 잘못 표시된 출처 제목. 이름, 법률 용어, 날짜 또는 출처 표시의 오류와 관련된 번역 문제. 개인 정보나 민감한 정보를 드러내지 않는 공개 협업 제안.	PASS-REWRITTEN	한국어提交清单逐项核对“뒷받침하는 페이지, 문단 또는 사실 서술”, “정확한 위치”, “잘못 표시된 출처 제목”，并确认更正、失效链接、翻译问题与公开合作均为自然名词项目。
contact.html	ko	form-data	Formspree 데이터 흐름 및 안전 홈페이지 양식은 name, email, message 세 필드를 외부 양식 서비스인 Formspree에 제출합니다. Formspree는 이 필드를 처리한 뒤 사이트가 연락을 받을 수 있도록 메시지를 사이트로 전달합니다. 집 주소, 전화번호, 신분 증명서, 비공개 가족 관계, 미성년자에 관한 민감한 정보, 개인 이미지 또는 중국 내 사람들을 식별하거나 위험에 빠뜨릴 수 있는 자료를 보내는 데 양식을 사용하지 마십시오. 이 양식은 민감하거나 긴급하거나 기밀인 자료를 보내는 데 적합하지 않습니다. 사이트는 Formspree가 제출된 자료를 저장하고 처리하는 방식을 통제하지 않습니다.	PASS-REWRITTEN	한국어数据流逐句核对“제출”, “처리”, “사이트로 전달”，确认name/email/message经外部Formspree到本站，并保留敏感资料禁投与Formspree存储处理边界。
contact.html	es	channels	Vías de contacto Puede escribir al correo público wuzong2025@gmail.com o utilizar el formulario Formspree de la página de inicio. Ambas vías admiten fuentes públicas, correcciones de hechos, enlaces rotos, problemas de traducción y propuestas de colaboración pública. El formulario de la página de inicio se encuentra en index.html#contact y envía su contenido a https://formspree.io/f/xgvdozke.	PASS-REVIEWED	español渠道段核对公开邮箱、首页Formspree表单、index.html#contact与固定端点的关系；端点只作为表单提交目标。
contact.html	es	submissions	Qué puede enviar Una fuente pública y la página, el pasaje o la afirmación que respalda. Una corrección factual que señale el pasaje exacto y aporte material de respaldo. Un enlace externo roto o un título de fuente mostrado de forma incorrecta. Un problema de traducción relacionado con un nombre, un término jurídico, una fecha o la atribución de una fuente. Una propuesta de colaboración pública que no revele información privada o sensible.	PASS-REWRITTEN	español提交清单逐项核对«página, pasaje o afirmación», «pasaje exacto» y «título de fuente mostrado de forma incorrecta»，并确认更正、失效链接、翻译问题与公开合作均为自然名词项目。
contact.html	es	form-data	Flujo de datos y seguridad de Formspree El formulario de la página de inicio envía los tres campos name, email y message al servicio externo de formularios Formspree. Formspree procesa esos campos y reenvía el mensaje al sitio para que este pueda recibir la comunicación. No utilice el formulario para enviar direcciones particulares, números de teléfono, documentos de identidad, relaciones familiares no reveladas, información confidencial sobre menores, imágenes privadas o material que pueda identificar o poner en peligro a personas dentro de China. El formulario no es adecuado para material sensible, urgente o confidencial. El sitio no controla cómo Formspree almacena o procesa los datos enviados.	PASS-REWRITTEN	español数据流逐句核对«envía», «procesa» y «reenvía … al sitio»，确认name/email/message经外部Formspree到本站，并保留敏感资料禁投与Formspree存储处理边界。
contact.html	de	channels	Kontaktmöglichkeiten Sie erreichen die Website über die öffentliche E-Mail-Adresse wuzong2025@gmail.com oder das Formspree-Formular auf der Startseite. Beide Wege eignen sich für öffentliche Quellen, sachliche Korrekturen, defekte Links, Übersetzungsprobleme und öffentliche Kooperationsvorschläge. Das Formular auf der Startseite befindet sich unter index.html#contact und übermittelt die Angaben an https://formspree.io/f/xgvdozke.	PASS-REVIEWED	Deutsch渠道段核对公开邮箱、首页Formspree表单、index.html#contact与固定端点的关系；端点只作为表单提交目标。
contact.html	de	submissions	Was Sie einreichen können Eine öffentliche Quelle sowie die Seite, Passage oder Aussage, die sie belegt. Eine sachliche Korrektur, die die genaue Textstelle bezeichnet und Belegmaterial beifügt. Ein defekter externer Link oder ein fehlerhaft angezeigter Quellentitel. Ein Übersetzungsproblem bei einem Namen, Rechtsbegriff, Datum oder einer Quellenzuordnung. Ein Vorschlag für öffentliche Zusammenarbeit, der keine privaten oder sensiblen Informationen offenlegt.	PASS-REWRITTEN	Deutsch提交清单逐项核对„Seite, Passage oder Aussage“, „genaue Textstelle“ und „fehlerhaft angezeigter Quellentitel“，并确认更正、失效链接、翻译问题与公开合作均为自然名词项目。
contact.html	de	form-data	Formspree-Datenfluss und Sicherheit Das Formular auf der Startseite übermittelt die drei Felder name, email und message an den externen Formulardienst Formspree. Formspree verarbeitet diese Felder und leitet die Nachricht an die Website weiter, damit sie die Zuschrift empfangen kann. Verwenden Sie das Formular nicht für Privatadressen, Telefonnummern, Ausweisdokumente, nicht veröffentlichte Familienbeziehungen, sensible Informationen über Minderjährige, private Bilder oder Material, das Menschen in China identifizieren oder gefährden könnte. Das Formular ist für sensible, dringende oder vertrauliche Inhalte ungeeignet. Die Website kontrolliert nicht, wie Formspree übermittelte Daten speichert oder verarbeitet.	PASS-REWRITTEN	Deutsch数据流逐句核对„übermittelt“, „verarbeitet“ und „leitet … an die Website weiter“，确认name/email/message经外部Formspree到本站，并保留敏感资料禁投与Formspree存储处理边界。
contact.html	fr	channels	Moyens de contact Vous pouvez écrire à l’adresse publique wuzong2025@gmail.com ou utiliser le formulaire Formspree de la page d’accueil. Ces deux moyens permettent d’envoyer des sources publiques, des corrections factuelles, des liens défectueux, des problèmes de traduction et des propositions de collaboration publique. Le formulaire de la page d’accueil se trouve à l’adresse index.html#contact et envoie les données à https://formspree.io/f/xgvdozke.	PASS-REVIEWED	français渠道段核对公开邮箱、首页Formspree表单、index.html#contact与固定端点的关系；端点只作为表单提交目标。
contact.html	fr	submissions	Ce que vous pouvez soumettre Une source publique et la page, le passage ou l’affirmation qu’elle étaye. Une correction factuelle qui indique le passage exact et fournit des éléments à l’appui. Un lien externe rompu ou un titre de source affiché de manière incorrecte. Un problème de traduction concernant un nom, un terme juridique, une date ou l’attribution d’une source. Une proposition de collaboration publique qui ne divulgue aucune information privée ou sensible.	PASS-REWRITTEN	français提交清单逐项核对« page, passage ou affirmation », « passage exact » et « titre de source affiché de manière incorrecte »，并确认更正、失效链接、翻译问题与公开合作均为自然名词项目。
contact.html	fr	form-data	Flux de données et sécurité Formspree Le formulaire de la page d’accueil envoie les trois champs name, email et message au service de formulaires externe Formspree. Formspree traite ces champs et transmet le message au site afin que celui-ci puisse recevoir la correspondance. N'utilisez pas le formulaire pour envoyer des adresses personnelles, des numéros de téléphone, des documents d'identité, des relations familiales non divulguées, des informations sensibles sur des mineurs, des images privées ou du matériel susceptible d'identifier ou de mettre en danger des personnes en Chine. Le formulaire ne convient pas aux informations sensibles, urgentes ou confidentielles. Le site ne contrôle ni le stockage ni le traitement des données transmises par Formspree.	PASS-REWRITTEN	français数据流逐句核对« envoie », « traite » et « transmet … au site »，确认name/email/message经外部Formspree到本站，并保留敏感资料禁投与Formspree存储处理边界。
contact.html	no	channels	Kontaktmåter Du kan kontakte nettstedet på den offentlige e-postadressen wuzong2025@gmail.com eller via Formspree-skjemaet på forsiden. Begge kanalene kan brukes til offentlige kilder, faktarettelser, brutte lenker, oversettelsesproblemer og forslag til offentlig samarbeid. Skjemaet på forsiden finnes på index.html#contact og sender innsendingen til https://formspree.io/f/xgvdozke.	PASS-REVIEWED	norsk渠道段核对公开邮箱、首页Formspree表单、index.html#contact与固定端点的关系；端点只作为表单提交目标。
contact.html	no	submissions	Hva du kan sende inn En offentlig kilde og siden, avsnittet eller utsagnet den underbygger. En faktarettelse som peker ut det nøyaktige avsnittet og legger ved dokumentasjon. En brutt ekstern lenke eller en kildetittel som vises feil. Et oversettelsesproblem som gjelder navn, juridiske begreper, datoer eller kildeangivelse. Et forslag til offentlig samarbeid som ikke røper private eller sensitive opplysninger.	PASS-REWRITTEN	norsk提交清单逐项核对«siden, avsnittet eller utsagnet», «det nøyaktige avsnittet» og «kildetittel som vises feil»，并确认更正、失效链接、翻译问题与公开合作均为自然名词项目。
contact.html	no	form-data	Formspree dataflyt og sikkerhet Skjemaet på forsiden sender de tre feltene name, email og message til den eksterne skjematjenesten Formspree. Formspree behandler feltene og videresender meldingen til nettstedet slik at det kan motta henvendelsen. Ikke bruk skjemaet til å sende hjemmeadresser, telefonnumre, identitetsdokumenter, ikke-offentlige familieforhold, sensitive opplysninger om mindreårige, private bilder eller materiale som kan identifisere eller sette personer i Kina i fare. Skjemaet er uegnet for sensitivt, presserende eller fortrolig materiale. Nettstedet kontrollerer ikke hvordan Formspree lagrer eller behandler innsendte opplysninger.	PASS-REWRITTEN	norsk数据流逐句核对«sender», «behandler» og «videresender … til nettstedet»，确认name/email/message经外部Formspree到本站，并保留敏感资料禁投与Formspree存储处理边界。
contact.html	nl	channels	Contactmogelijkheden U kunt de site bereiken via het openbare e-mailadres wuzong2025@gmail.com of het Formspree-formulier op de startpagina. Beide kanalen zijn geschikt voor openbare bronnen, feitelijke correcties, gebroken links, vertaalproblemen en voorstellen voor openbare samenwerking. Het formulier op de startpagina staat op index.html#contact en verstuurt de inzending naar https://formspree.io/f/xgvdozke.	PASS-REVIEWED	Nederlands渠道段核对公开邮箱、首页Formspree表单、index.html#contact与固定端点的关系；端点只作为表单提交目标。
contact.html	nl	submissions	Wat u kunt indienen Een openbare bron en de pagina, passage of bewering die deze onderbouwt. Een feitelijke correctie die de exacte passage aanwijst en bewijsmateriaal toevoegt. Een niet-werkende externe link of een onjuist weergegeven brontitel. Een vertaalprobleem rond een naam, juridische term, datum of bronvermelding. Een voorstel voor openbare samenwerking dat geen privé- of gevoelige informatie onthult.	PASS-REWRITTEN	Nederlands提交清单逐项核对“pagina, passage of bewering”, “exacte passage” en “onjuist weergegeven brontitel”，并确认更正、失效链接、翻译问题与公开合作均为自然名词项目。
contact.html	nl	form-data	Formspree-gegevensstroom en veiligheid Het formulier op de startpagina verstuurt de drie velden name, email en message naar de externe formulierdienst Formspree. Formspree verwerkt deze velden en stuurt het bericht door naar de site, zodat de site de inzending kan ontvangen. Gebruik het formulier niet voor huisadressen, telefoonnummers, identiteitsdocumenten, niet-openbare familiebanden, gevoelige informatie over minderjarigen, privébeelden of materiaal dat mensen in China kan identificeren of in gevaar brengen. Het formulier is niet geschikt voor gevoelige, dringende of vertrouwelijke informatie. De site bepaalt niet hoe Formspree ingezonden gegevens opslaat of verwerkt.	PASS-REWRITTEN	Nederlands数据流逐句核对“verstuurt”, “verwerkt” en “stuurt … door naar de site”，确认name/email/message经外部Formspree到本站，并保留敏感资料禁投与Formspree存储处理边界。
contact.html	it	channels	Canali di contatto È possibile scrivere all’indirizzo pubblico wuzong2025@gmail.com o usare il modulo Formspree nella pagina iniziale. Entrambi i canali possono essere usati per fonti pubbliche, correzioni fattuali, link non funzionanti, problemi di traduzione e proposte di collaborazione pubblica. Il modulo della pagina iniziale si trova in index.html#contact e invia i dati a https://formspree.io/f/xgvdozke.	PASS-REVIEWED	italiano渠道段核对公开邮箱、首页Formspree表单、index.html#contact与固定端点的关系；端点只作为表单提交目标。
contact.html	it	submissions	Cosa puoi inviare Una fonte pubblica e la pagina, il passaggio o l’affermazione che essa sostiene. Una rettifica fattuale che indichi il passaggio esatto e fornisca materiale a sostegno. Un collegamento esterno non funzionante o un titolo della fonte visualizzato in modo errato. Un problema di traduzione relativo a un nome, un termine giuridico, una data o l’attribuzione di una fonte. Una proposta di collaborazione pubblica che non divulghi informazioni private o sensibili.	PASS-REWRITTEN	italiano提交清单逐项核对«pagina, passaggio o affermazione», «passaggio esatto» e «titolo della fonte visualizzato in modo errato»，并确认更正、失效链接、翻译问题与公开合作均为自然名词项目。
contact.html	it	form-data	Flusso di dati e sicurezza di Formspree Il modulo della pagina iniziale invia i tre campi name, email e message al servizio esterno per moduli Formspree. Formspree elabora questi campi e inoltra il messaggio al sito, consentendogli di ricevere la comunicazione. Non utilizzare il modulo per inviare indirizzi di casa, numeri di telefono, documenti di identità, rapporti familiari non rivelati, informazioni sensibili su minori, immagini private o materiale che possa identificare o mettere in pericolo le persone all'interno della Cina. Il modulo non è adatto a informazioni sensibili, urgenti o riservate. Il sito non controlla come Formspree conserva o tratta i dati inviati.	PASS-REWRITTEN	italiano数据流逐句核对«invia», «elabora» e «inoltra … al sito»，确认name/email/message经外部Formspree到本站，并保留敏感资料禁投与Formspree存储处理边界。
terms.html	zh	citation	引用、再版和翻譯 保留文章標題、來源連結、歸屬以及理解引用資料所需的上下文。 不得捏造引文，也不得刪除來源陳述中的範圍、條件、主體或確信程度；不得改變來源的證據角色，或把有明確來源歸屬的資料寫成無條件事實。 翻譯須準確保留姓名、日期、法律與醫學術語、來源歸屬，以及每項來源實際支持的事實範圍；並清楚區分家屬陳述、民間記錄、海外媒體報道、人權組織資料與官方材料。	PASS-REWRITTEN	引用“確信程度”；原文混入簡體“确信程度”，現已恢復繁體用字，並確認範圍、條件、主體與確信程度均屬不得刪除的來源限定。
terms.html	zh	safety	禁止騷擾、公開身分資料或報復 網站內容不得用於騷擾、威脅、搜尋家庭住址、暴露身分資訊或對當事人、家人、證人、記者或支持者進行報復。	PASS-REWRITTEN	引用“對當事人、家人、證人、記者或支持者進行報復”；舊審閱只給泛化結論，現明確核對禁止騷擾、身分暴露與報復的完整對象。
terms.html	zh	corrections	更正和權利請求 更正請求應指出具體頁面與確切段落，並附上作為佐證的公開資料。 版權或許可請求應指明具體圖片、文字或存檔項目，並說明請求依據。 本站會審視相關資料的來源、權利主張的依據及其公共利益背景；缺乏證據支持的所有權主張不會被自動接受。	PASS-REWRITTEN	引用“作為佐證的公開資料”及“權利主張的依據”；原“支援公共資料／該網站審查已識別資料”語序機械且主體錯置，現分別寫清更正證據與權利審查。
terms.html	zh	evidence-use	證據角色和編輯獨立性 官方材料、由公民或民間社會保存的記錄、海外媒體報道與人權文件，各自具有不同的證據作用。機構聲明只能記錄該機構的行為或公開立場，並不會自動成為事件的最終敘述。 對於涉及公共利益的人權記錄，本站依據可追溯的事實與來源，批判性審視國家權力、資訊控制、中國國家機關以「維護穩定」為名採取的警務、行政、資訊與社會控制措施，以及有效救濟的缺失。	PASS-REWRITTEN	引用“由公民或民間社會保存的記錄”與“海外媒體報道”；原更正句混同資料來源和所有權，現保持民間、媒體、官方材料的證據角色分層。
terms.html	en	citation	Citation, republication, and translation Keep the article title, source link, attribution, and the context needed to understand the cited material. Do not fabricate quotations or omit the scope, conditions, subject, or degree of certainty stated by the source. Do not alter the source’s evidentiary role or present attributed material as an unconditional fact. A translation must accurately preserve names, dates, legal and medical terms, source attribution, and the factual scope actually supported by each source, while distinguishing family statements, records preserved by citizens or civil society, reporting by overseas media, human-rights documentation, and official materials.	PASS-REWRITTEN	引用“degree of certainty stated by the source”；原審閱未點明來源限定，現確認 scope、conditions、subject 与 certainty 均不能從歸因中刪除。
terms.html	en	safety	No harassment, identification, or retaliation Site content must not be used to harass, threaten, search for home addresses, expose identity information, or retaliate against affected people, family members, witnesses, journalists, or supporters.	PASS-REWRITTEN	引用“retaliate against affected people, family members, witnesses, journalists, or supporters”；原泛化審閱未列出受保護對象，現核對完整禁止報復句。
terms.html	en	corrections	Corrections and rights requests A correction request should name the specific page and exact passage, and include publicly available material that supports the proposed correction. A copyright or permission request should identify the specific image, text, or archived item and explain the basis for the request. The site considers the source of the material concerned, the basis for the rights claim, and the public-interest context. Ownership claims unsupported by evidence are not automatically accepted.	PASS-REWRITTEN	引用“publicly available material that supports the proposed correction”與“basis for the rights claim”；原“supporting public material／identified material”是機械名詞串，現改為證據動作與權利依據。
terms.html	en	evidence-use	Evidence roles and editorial independence Official materials, records preserved by citizens or civil society, reporting by overseas media, and human-rights documentation have distinct evidentiary roles. An institutional statement records an institution’s conduct or public position; it is not automatically the final account of an event. For human-rights records of public interest, the site uses traceable facts and sources to examine state power, information control, the policing, administrative, information, and social-control measures that Chinese state bodies impose in the name of “maintaining stability,” and the absence of effective remedies.	PASS-REWRITTEN	引用“records preserved by citizens or civil society”與“reporting by overseas media”；原更正條款把 provenance 與所有權混寫，現維持各來源的獨立證據作用。
terms.html	ja	citation	引用、転載、翻訳 記事タイトル、出典へのリンク、出典表示、引用資料を理解するために必要な文脈を残してください。 引用を捏造せず、出典が示す範囲、条件、主体、確度を削除しないでください。出典の証拠上の役割を変えたり、出典を明示した資料を無条件の事実として書き換えたりしてはなりません。 翻訳では、氏名、日付、法律・医療用語、出典表示、各資料が実際に裏付ける事実の範囲を正確に保ち、家族の陳述、民間記録、海外メディアの報道、人権団体の資料、公的機関の資料を明確に区別してください。	PASS-REWRITTEN	引用“出典が示す範囲、条件、主体、確度”；原審閱未標出這組限定，現確認出典表示的範圍與確度不得在引用或翻譯中被削除。
terms.html	ja	safety	ハラスメント、特定、報復の禁止 サイトのコンテンツは、嫌がらせ、脅迫、自宅住所の検索、身元情報の暴露、または影響を受ける人々、家族、証人、ジャーナリスト、支援者に対する報復に使用してはなりません。	PASS-REWRITTEN	引用“影響を受ける人々、家族、証人、ジャーナリスト、支援者に対する報復”；原審閱省略具體受保護群體，現核對禁止報復的完整受詞。
terms.html	ja	corrections	訂正と権利要求 訂正の申し出では、対象ページと該当箇所を具体的に示し、訂正内容を裏付ける公開資料を添えてください。 著作権または利用許諾に関する申し出では、対象となる画像、文章、またはアーカイブ資料を特定し、申し出の根拠を説明してください。 サイトは、対象資料の出所、権利主張の根拠、公益との関係を確認します。証拠に裏付けられていない所有権の主張を自動的に受け入れることはありません。	PASS-REWRITTEN	引用“訂正内容を裏付ける公開資料”與“権利主張の根拠”；原“問題の正確な場所／特定された素材”沿用英語識別句型，現改為日文自然的申出、添付與根拠説明。
terms.html	ja	evidence-use	証拠の役割と編集の独立性 公式資料、民間記録、海外メディアの報道、人権文書は、それぞれ異なる証拠上の役割を担います。機関の声明は、その機関の行動や公的立場を記録するものであり、出来事の最終的な説明になるわけではありません。 公益に関わる人権記録について、サイトは追跡可能な事実と情報源に基づき、国家権力、情報統制、中国の国家機関が「安定維持」を名目に実施する警察・行政・情報・社会統制、そして実効的救済の欠如を批判的に検証します。	PASS-REWRITTEN	引用“民間記録、海外メディアの報道”；原更正句把特定素材當抽象審查對象，現保持市民記錄、海外媒體與公式資料的證拠上區別。
terms.html	ko	citation	인용, 재출판 및 번역 인용된 자료를 이해하는 데 필요한 기사 제목, 출처 링크, 출처 및 맥락을 유지하세요. 인용문을 조작하지 말고 출처가 밝힌 범위, 조건, 주체 또는 확실성의 정도를 삭제하지 마십시오. 출처의 증거상 역할을 바꾸거나 출처가 명시된 자료를 무조건적인 사실로 제시해서도 안 됩니다. 번역은 이름, 날짜, 법률·의학 용어, 출처 표시와 각 출처가 실제로 뒷받침하는 사실의 범위를 정확히 보존하고, 가족 진술, 민간 기록, 해외 언론 보도, 인권단체 자료와 공식 자료를 분명히 구분해야 합니다.	PASS-REWRITTEN	引用“범위, 조건, 주체 또는 확실성의 정도”；原審閱未指出歸因限定的四個要素，現核對其不得被刪除或改成無條件事實。
terms.html	ko	safety	괴롭힘, 신원 확인 또는 보복 금지 사이트 콘텐츠는 괴롭힘, 위협, 집 주소 검색, 신원 정보 노출 또는 피해를 입은 사람, 가족, 증인, 언론인 또는 지지자에 대한 보복을 위해 사용되어서는 안 됩니다.	PASS-REWRITTEN	引用“피해를 입은 사람, 가족, 증인, 언론인 또는 지지자에 대한 보복”；原審閱沒有列明受保護對象，現確認禁止 보복 的完整句法。
terms.html	ko	corrections	수정 및 권리 요청 정정 요청에는 해당 페이지와 정확한 문단을 명시하고, 정정 내용을 뒷받침하는 공개 자료를 첨부해야 합니다. 저작권 또는 이용 허가 요청에는 해당 이미지, 문구 또는 보관 자료를 구체적으로 밝히고 요청의 근거를 설명해야 합니다. 사이트는 관련 자료의 출처, 권리 주장의 근거와 공익적 맥락을 검토합니다. 증거가 뒷받침되지 않는 소유권 주장은 자동으로 받아들이지 않습니다.	PASS-REWRITTEN	引用“정정 내용을 뒷받침하는 공개 자료”與“권리 주장의 근거와 공익적 맥락”；原“지원 공개 자료／식별된 자료”是名詞直譯，現改為韓文自然的證據與審查關係。
terms.html	ko	evidence-use	증거 역할 및 편집 독립성 공식 자료, 시민이나 시민사회가 보존한 민간 기록, 해외 언론 보도와 인권 문서는 서로 다른 증거 역할을 합니다. 기관 성명은 해당 기관의 행위나 공개 입장을 기록할 뿐 사건의 최종 설명이 되지는 않습니다. 공익에 관한 인권 기록에서 사이트는 추적 가능한 사실과 출처를 바탕으로 국가 권력, 정보 통제, 중국 국가기관이 ‘안정 유지’를 명분으로 시행하는 경찰·행정·정보·사회 통제 조치, 그리고 실효적 구제의 부재를 비판적으로 검토합니다.	PASS-REWRITTEN	引用“시민이나 시민사회가 보존한 민간 기록”與“해외 언론 보도”；原更正句含糊處理資料出處，現保留民間記錄與媒體報道的不同證據角色。
terms.html	es	citation	Citación, republicación y traducción. Conserve el título del artículo, el enlace fuente, la atribución y el contexto necesario para comprender el material citado. No invente citas ni elimine los matices, los límites, el sujeto o el grado de certeza expresados en la atribución. Tampoco altere la función probatoria de la fuente ni presente material atribuido como un hecho incondicional. La traducción debe conservar con precisión los nombres, las fechas, los términos jurídicos y médicos, la atribución de las fuentes y el alcance factual que cada fuente respalda realmente, distinguiendo declaraciones de familiares, documentación ciudadana, cobertura de medios extranjeros, documentación de organizaciones de derechos humanos y materiales oficiales.	PASS-REWRITTEN	引用“los matices, los límites, el sujeto o el grado de certeza”；原審閱未具體呈現歸因限定，現確認這四項不得被刪除或改寫為無條件事實。
terms.html	es	safety	Sin acoso, identificación o represalias. El contenido del sitio no debe utilizarse para acosar, amenazar, buscar direcciones particulares, exponer información de identidad o tomar represalias contra personas afectadas, familiares, testigos, periodistas o simpatizantes.	PASS-REWRITTEN	引用“tomar represalias contra personas afectadas, familiares, testigos, periodistas o simpatizantes”；原審閱未展示完整受詞，現核對禁止報復的自然西文句法。
terms.html	es	corrections	Correcciones y solicitudes de derechos Una solicitud de corrección debe indicar la página concreta y el pasaje exacto, y adjuntar documentación pública que sustente la corrección propuesta. Una solicitud de derechos de autor o de autorización debe señalar la imagen, el texto o el elemento archivado concretos y explicar su fundamento. El sitio examina la procedencia del material correspondiente, el fundamento de la pretensión de derechos y su contexto de interés público. Las pretensiones de propiedad sin respaldo probatorio no se aceptan automáticamente.	PASS-REWRITTEN	引用“documentación pública que sustente la corrección propuesta”與“fundamento de la pretensión de derechos”；原“material público de respaldo／material identificado”語序生硬，現分清更正證據和權利依據。
terms.html	es	evidence-use	Funciones de evidencia e independencia editorial Los materiales oficiales, la documentación conservada por ciudadanos o la sociedad civil, la cobertura de medios extranjeros y la documentación de derechos humanos cumplen funciones probatorias distintas. Una declaración institucional registra la conducta o posición pública de una institución; no constituye automáticamente el relato final de un hecho. En los registros de derechos humanos de interés público, el sitio utiliza hechos y fuentes rastreables para examinar críticamente el poder estatal, el control de la información, las medidas policiales, administrativas, informativas y de control social que los órganos estatales chinos aplican en nombre de «mantener la estabilidad», y la ausencia de recursos efectivos.	PASS-REWRITTEN	引用“documentación conservada por ciudadanos o la sociedad civil”與“cobertura de medios extranjeros”；原更正句混合 procedencia 與所有權，現維持各類資料的證據功能。
terms.html	de	citation	Zitierung, Wiederveröffentlichung und Übersetzung Behalten Sie den Artikeltitel, den Quellenlink, die Quellenangabe und den Kontext bei, der zum Verständnis des zitierten Materials erforderlich ist. Erfinden Sie keine Zitate und lassen Sie einschränkende Angaben zu Umfang, Bedingungen, Subjekt oder Gewissheitsgrad einer Quellenzuordnung nicht weg. Verändern Sie weder die Beweisrolle der Quelle noch machen Sie aus zugeordnetem Material eine bedingungslose Tatsache. Eine Übersetzung muss Namen, Daten, juristische und medizinische Begriffe, Quellenangaben sowie den von jeder Quelle tatsächlich belegten Sachverhalt genau bewahren und Aussagen von Familien, zivilgesellschaftliche Aufzeichnungen, Berichte ausländischer Medien, Unterlagen von Menschenrechtsorganisationen und offizielle Materialien klar unterscheiden.	PASS-REWRITTEN	引用“Umfang, Bedingungen, Subjekt oder Gewissheitsgrad”；原審閱沒有指出 Quellenzuordnung 的限制要素，現確認四項內容不得省略。
terms.html	de	safety	Keine Belästigung, Identifizierung oder Vergeltung Der Inhalt der Website darf nicht dazu verwendet werden, betroffene Personen, Familienmitglieder, Zeugen, Journalisten oder Unterstützer zu belästigen, zu bedrohen, nach Privatadressen zu suchen, Identitätsinformationen offenzulegen oder Vergeltungsmaßnahmen zu ergreifen.	PASS-REWRITTEN	引用“betroffene Personen, Familienmitglieder, Zeugen, Journalisten oder Unterstützer”；原審閱未列出 Vergeltungsmaßnahmen 的對象，現核對完整德文配價。
terms.html	de	corrections	Korrekturen und Rechteanfragen Ein Korrekturhinweis soll die betreffende Seite und die genaue Textstelle benennen sowie öffentlich zugängliche Belege für die vorgeschlagene Korrektur beifügen. Bei einer Urheberrechts- oder Genehmigungsanfrage sind das konkrete Bild, der konkrete Text oder der konkrete Archivgegenstand zu bezeichnen und die Grundlage der Anfrage zu erläutern. Die Website prüft die Herkunft des betreffenden Materials, die Grundlage des geltend gemachten Rechts und den öffentlichen Interessenbezug. Unbelegte Eigentumsansprüche werden nicht automatisch anerkannt.	PASS-REWRITTEN	引用“öffentlich zugängliche Belege”與“Herkunft des betreffenden Materials”；原“unterstützendes öffentliches Material”照搬英語，現改為可取得的證據、權利基礎及“Unbelegte Eigentumsansprüche”。
terms.html	de	evidence-use	Beweisrollen und redaktionelle Unabhängigkeit Offizielle Materialien, zivilgesellschaftliche Aufzeichnungen, Berichte ausländischer Medien und Menschenrechtsdokumentation haben unterschiedliche Beweisfunktionen. Eine institutionelle Erklärung dokumentiert das Verhalten oder die öffentliche Haltung einer Institution; sie ist nicht automatisch der abschließende Bericht über ein Ereignis. Bei Menschenrechtsdokumenten von öffentlichem Interesse untersucht die Website anhand nachvollziehbarer Fakten und Quellen kritisch Staatsmacht, Informationskontrolle, polizeiliche, administrative, informationelle und gesellschaftliche Kontrollmaßnahmen, die chinesische Staatsorgane im Namen der „Stabilitätssicherung“ einsetzen, sowie das Fehlen wirksamer Rechtsbehelfe.	PASS-REWRITTEN	引用“zivilgesellschaftliche Aufzeichnungen”與“Berichte ausländischer Medien”；原更正句使用 identifiziertes Material，現把資料來源與各證據角色清楚分開。
terms.html	fr	citation	Citation, republication et traduction Conservez le titre de l'article, le lien source, l'attribution et le contexte nécessaires pour comprendre le matériel cité. Ne fabriquez pas de citations et ne supprimez pas les limites, les conditions, le sujet ou le degré de certitude indiqués par l’attribution. Ne modifiez pas le rôle probatoire de la source et ne présentez pas un contenu attribué comme un fait inconditionnel. Toute traduction doit restituer fidèlement les noms, les dates, les termes juridiques et médicaux, l’attribution des sources ainsi que la portée factuelle réellement étayée par chacune d’elles, en distinguant les déclarations de familles, les documents recueillis par des citoyens, les reportages de médias établis à l’étranger, les documents d’organisations de défense des droits humains et les documents officiels.	PASS-REWRITTEN	引用“les limites, les conditions, le sujet ou le degré de certitude”；原審閱未展示 attribution 的具體限定，現確認其不得被刪除或強化為無條件事實。
terms.html	fr	safety	Pas de harcèlement, d'identification ou de représailles Le contenu du site ne doit pas être utilisé pour harceler, menacer, rechercher des adresses personnelles, révéler des informations d'identité ou exercer des représailles contre les personnes concernées, les membres de la famille, les témoins, les journalistes ou les sympathisants.	PASS-REWRITTEN	引用“exercer des représailles contre les personnes concernées, les membres de la famille, les témoins, les journalistes ou les sympathisants”；原審閱省略受保護群體，現核對完整受詞。
terms.html	fr	corrections	Demandes de corrections et de droits Une demande de correction doit indiquer la page concernée et le passage exact, puis joindre des documents publics étayant la correction proposée. Une demande relative au droit d’auteur ou à une autorisation doit désigner précisément l’image, le texte ou l’élément archivé concerné et expliquer son fondement. Le site examine la provenance du contenu concerné, le fondement de la demande et son intérêt public. Les revendications de propriété dépourvues de preuves ne sont pas automatiquement acceptées.	PASS-REWRITTEN	引用“des documents publics étayant la correction”與“la provenance du contenu concerné, le fondement de la demande et son intérêt public”；原“matériel public à l’appui／matériel identifié”機械，現恢復法文法律語義。
terms.html	fr	evidence-use	Rôles des preuves et indépendance éditoriale Les documents officiels, les documents recueillis par des citoyens ou la société civile, les reportages de médias établis à l’étranger et les documents relatifs aux droits humains ont des rôles probatoires distincts. Une déclaration institutionnelle consigne la conduite ou la position publique d’une institution ; elle ne constitue pas automatiquement le récit définitif d’un événement. Pour les dossiers d’intérêt public relatifs aux droits humains, le site s’appuie sur des faits et des sources traçables pour examiner de manière critique le pouvoir de l’État, le contrôle de l’information, les mesures policières, administratives, informationnelles et sociales imposées par les organes de l’État chinois au nom du « maintien de la stabilité », ainsi que l’absence de recours effectifs.	PASS-REWRITTEN	引用“documents recueillis par des citoyens”與“reportages de médias établis à l’étranger”；原更正句把 provenance 和 propriété 混成單句，現保持來源證據作用的層次。
terms.html	no	citation	Sitering, republisering og oversettelse Behold artikkeltittelen, kildelenken, attribusjonen og konteksten som trengs for å forstå det siterte materialet. Ikke dikt opp sitater eller utelat avgrensninger, vilkår, subjekt eller grad av sikkerhet i kildeangivelsen. Ikke endre kildens bevisrolle eller fremstille kildebelagt materiale som et ubetinget faktum. En oversettelse skal gjengi navn, datoer, juridiske og medisinske begreper, kildeangivelse og det faktiske omfanget hver kilde støtter, og tydelig skille mellom familieuttalelser, dokumentasjon fra sivilsamfunnet, rapportering fra utenlandske medier, menneskerettighetsdokumentasjon og offisielt materiale.	PASS-REWRITTEN	引用“avgrensninger, vilkår, subjekt eller grad av sikkerhet”；原審閱未點出 kildeangivelsen 的限定內容，現確認四項都不得被省略。
terms.html	no	safety	Ingen trakassering, identifikasjon eller gjengjeldelse Innhold på nettstedet må ikke brukes til å trakassere, true, søke etter hjemmeadresser, avsløre identitetsinformasjon eller utsette berørte personer, familiemedlemmer, vitner, journalister eller støttespillere for represalier.	PASS-REWRITTEN	引用“utsette berørte personer, familiemedlemmer, vitner, journalister eller støttespillere for represalier”；原“eller gjengjeldelse mot”缺少支配動詞，現補成完整挪威語句法。
terms.html	no	corrections	Rettelser og rettighetsforespørsler En anmodning om rettelse skal angi den aktuelle siden og det nøyaktige avsnittet, og legge ved offentlig dokumentasjon som underbygger rettelsen. En forespørsel om opphavsrett eller tillatelse skal angi det konkrete bildet, teksten eller arkivobjektet og forklare grunnlaget for forespørselen. Nettstedet vurderer hvor det aktuelle materialet kommer fra, grunnlaget for rettighetskravet og hvilken allmenn interesse materialet har. Eierskapskrav uten dokumentasjon godtas ikke automatisk.	PASS-REWRITTEN	引用“offentlig dokumentasjon som underbygger rettelsen”與“grunnlaget for rettighetskravet”；原“støttende offentlig materiale／det identifiserte materialet”直譯生硬，現改為證據、權利依據與公共利益。
terms.html	no	evidence-use	Bevisroller og redaksjonell uavhengighet Offisielt materiale, dokumentasjon bevart av borgere eller sivilsamfunnet, rapportering fra utenlandske medier og menneskerettighetsdokumentasjon har ulike bevisroller. En institusjonell uttalelse dokumenterer institusjonens handlinger eller offentlige standpunkt; den er ikke automatisk den endelige beretningen om en hendelse. For menneskerettighetsdokumentasjon av offentlig interesse bruker nettstedet sporbare fakta og kilder til å undersøke statsmakt, informasjonskontroll, politi-, forvaltnings-, informasjons- og sosialkontroll som kinesiske statsorganer innfører under påskudd av å «opprettholde stabilitet», samt fraværet av effektive rettsmidler.	PASS-REWRITTEN	引用“dokumentasjon bevart av borgere eller sivilsamfunnet”與“rapportering fra utenlandske medier”；原更正句的 opprinnelsen og konteksten 結構不自然，現保持證據角色清楚。
terms.html	nl	citation	Citaat, herpublicatie en vertaling Bewaar de titel van het artikel, de bronlink, de toeschrijving en de context die nodig is om het geciteerde materiaal te begrijpen. Verzin geen citaten en laat beperkingen, voorwaarden, het onderwerp of de mate van zekerheid in de bronvermelding niet weg. Verander de bewijsfunctie van de bron niet en presenteer toegeschreven materiaal niet als een onvoorwaardelijk feit. Een vertaling moet namen, data, juridische en medische termen, bronvermelding en de feitelijke reikwijdte die elke bron daadwerkelijk ondersteunt nauwkeurig behouden, en duidelijk onderscheid maken tussen familieverklaringen, burgerdocumentatie, berichtgeving door buitenlandse media, documentatie van mensenrechtenorganisaties en officieel materiaal.	PASS-REWRITTEN	引用“beperkingen, voorwaarden, het onderwerp of de mate van zekerheid”；原審閱未說明 bronvermelding 的限制項，現確認不得刪除或改成無條件事實。
terms.html	nl	safety	Geen intimidatie, identificatie of vergelding De inhoud van de site mag niet worden gebruikt om lastig te vallen, te bedreigen, naar huisadressen te zoeken, identiteitsgegevens openbaar te maken of represailles te nemen tegen getroffen mensen, familieleden, getuigen, journalisten of supporters.	PASS-REWRITTEN	引用“represailles te nemen tegen getroffen mensen, familieleden, getuigen, journalisten of supporters”；原審閱沒有列出完整受詞，現核對自然荷文動詞結構。
terms.html	nl	corrections	Correcties en rechtenverzoeken Een correctieverzoek moet de betreffende pagina en de exacte passage noemen en openbare stukken bijvoegen die de correctie onderbouwen. Een verzoek om auteursrecht of toestemming moet de specifieke afbeelding, tekst of het gearchiveerde item aanwijzen en de grondslag van het verzoek toelichten. De site beoordeelt de herkomst van het betreffende materiaal, de grondslag van de rechtenclaim en de context van algemeen belang. Ongefundeerde eigendomsaanspraken worden niet automatisch aanvaard.	PASS-REWRITTEN	引用“openbare stukken die de correctie onderbouwen”與“de specifieke afbeelding, tekst of het gearchiveerde item”；原“ondersteunend openbaar materiaal／niet-ondersteunde eigendomsclaims”機械且冠詞錯誤，現改為“ongefundeerde eigendomsaanspraken”。
terms.html	nl	evidence-use	Bewijsrollen en redactionele onafhankelijkheid Officieel materiaal, documentatie die door burgers of het maatschappelijk middenveld is bewaard, berichtgeving door buitenlandse media en mensenrechtendocumentatie hebben verschillende bewijsfuncties. Een verklaring van een instelling legt haar handelen of publieke standpunt vast; zij is niet automatisch het definitieve relaas van een gebeurtenis. Voor mensenrechtendocumentatie van algemeen belang gebruikt de site traceerbare feiten en bronnen om kritisch onderzoek te doen naar staatsmacht, informatiecontrole, politie-, bestuurs-, informatie- en sociale-controlemaatregelen die Chinese staatsorganen nemen onder het voorwendsel van „stabiliteit handhaven”, en het ontbreken van effectieve rechtsmiddelen.	PASS-REWRITTEN	引用“documentatie die door burgers of het maatschappelijk middenveld is bewaard”與“berichtgeving door buitenlandse media”；原更正句以 geïdentificeerde materiaal 泛稱，現分清來源與證據作用。
terms.html	it	citation	Citazione, ripubblicazione e traduzione Conserva il titolo dell'articolo, il collegamento alla fonte, l'attribuzione e il contesto necessario per comprendere il materiale citato. Non inventare citazioni né omettere limiti, condizioni, soggetto o grado di certezza indicati nell’attribuzione. Non alterare il ruolo probatorio della fonte e non presentare materiale attribuito come un fatto incondizionato. La traduzione deve conservare con precisione nomi, date, termini giuridici e medici, attribuzione delle fonti e ambito fattuale effettivamente sostenuto da ciascuna fonte, distinguendo dichiarazioni dei familiari, documentazione raccolta da cittadini, servizi o resoconti dei media esteri, documentazione delle organizzazioni per i diritti umani e materiali ufficiali.	PASS-REWRITTEN	引用“limiti, condizioni, soggetto o grado di certezza”；原審閱未具體列出 attribuzione 的限定，現確認四項不得被省略或改寫成無條件事實。
terms.html	it	safety	Nessuna molestia, identificazione o ritorsione Il contenuto del sito non deve essere utilizzato per molestare, minacciare, cercare indirizzi di casa, esporre informazioni sull'identità o compiere ritorsioni contro persone interessate, familiari, testimoni, giornalisti o sostenitori.	PASS-REWRITTEN	引用“compiere ritorsioni contro persone interessate, familiari, testimoni, giornalisti o sostenitori”；原審閱省略具體對象，現核對完整義大利文受詞。
terms.html	it	corrections	Correzioni e richieste di diritti Una richiesta di correzione deve indicare la pagina interessata e il passaggio esatto, allegando documentazione pubblica che sostenga la correzione. Una richiesta di diritto d’autore o di autorizzazione deve indicare l’immagine, il testo o lo specifico elemento archiviato e spiegare il fondamento della richiesta. Il sito esamina la provenienza del materiale interessato, il fondamento della pretesa di diritto e il contesto di interesse pubblico. Le pretese di proprietà prive di riscontri non vengono accettate automaticamente.	PASS-REWRITTEN	引用“documentazione pubblica che sostenga la correzione”與“lo specifico elemento archiviato”；原“materiale pubblico di supporto／elemento archiviato specifico”語序機械，現改用“pretese di proprietà prive di riscontri”。
terms.html	it	evidence-use	Ruoli di prova e indipendenza editoriale I materiali ufficiali, la documentazione raccolta da cittadini o dalla società civile, i servizi o resoconti dei media esteri e la documentazione sui diritti umani hanno ruoli probatori distinti. Una dichiarazione istituzionale registra la condotta o la posizione pubblica di un’istituzione; non costituisce automaticamente il resoconto definitivo di un evento. Per la documentazione sui diritti umani di interesse pubblico, il sito usa fatti e fonti tracciabili per esaminare criticamente il potere statale, il controllo delle informazioni, le misure di polizia e di controllo amministrativo, informativo e sociale che gli organi statali cinesi adottano in nome del «mantenimento della stabilità», e l’assenza di rimedi effettivi.	PASS-REWRITTEN	引用“documentazione raccolta da cittadini”與“media esteri”；原更正句以 materiale identificato 混同來源與權利，現保持民間、媒體和官方材料的證據角色分層。
